GeoFips,GeoName,deno code,2015employment by industry,2015 robot data,industry_ifr19,2010 employment by industry,2010employment
1000,Alabama,101,97934,18,agriculture,1080677.841,2523700.608
1000,Alabama,102,78028,28955,automotive,566138.6104,2523700.608
1000,Alabama,103,292411,12,construction,5359624.691,2523700.608
1000,Alabama,104,69963,12487,electronics,1495060.882,2523700.608
1000,Alabama,105,441494,1094,food,1483030.717,2523700.608
1000,Alabama,106,16891,34,furniture,710651.4812,2523700.608
1000,Alabama,107,562374,29645,manufacturing_other,245234.5955,2523700.608
1000,Alabama,108,18194,5107,metal_basic,643096.4444,2523700.608
1000,Alabama,109,11531,333,metal_machinery,1140434.235,2523700.608
1000,Alabama,110,27129,634,metal_products,781591.6691,2523700.608
1000,Alabama,111,33009,268,mineral,346305.5571,2523700.608
1000,Alabama,113,37796,66,paper,1453345.662,2523700.608
1000,Alabama,114,31938,2425,petrochemicals,1451592.993,2523700.608
1000,Alabama,116,11292597,133,services,86920501.63,2523700.608
1000,Alabama,117,34438,36,textiles,351605.6418,2523700.608
1000,Alabama,118,14961,0,utilities,797323.46,2523700.608
1000,Alabama,119,168820,128,vehicles_other,610364.6973,2523700.608
2000,Alaska,101,12209,18,agriculture,1080677.841,455968.302
2000,Alaska,102,4740,28955,automotive,566138.6104,455968.302
2000,Alaska,103,53929,12,construction,5359624.691,455968.302
2000,Alaska,104,14308,12487,electronics,1495060.882,455968.302
2000,Alaska,105,87617,1094,food,1483030.717,455968.302
2000,Alaska,106,944,34,furniture,710651.4812,455968.302
2000,Alaska,107,34654,29645,manufacturing_other,245234.5955,455968.302
2000,Alaska,108,40,5107,metal_basic,643096.4444,455968.302
2000,Alaska,109,160,333,metal_machinery,1140434.235,455968.302
2000,Alaska,110,726,634,metal_products,781591.6691,455968.302
2000,Alaska,111,42719,268,mineral,346305.5571,455968.302
2000,Alaska,113,2076,66,paper,1453345.662,455968.302
2000,Alaska,114,1719,2425,petrochemicals,1451592.993,455968.302
2000,Alaska,116,2010365,133,services,86920501.63,455968.302
2000,Alaska,117,2903,36,textiles,351605.6418,455968.302
2000,Alaska,118,2274,0,utilities,797323.46,455968.302
2000,Alaska,119,40533,128,vehicles_other,610364.6973,455968.302
4000,Arizona,101,65555,18,agriculture,1080677.841,3637057.673
4000,Arizona,102,50952,28955,automotive,566138.6104,3637057.673
4000,Arizona,103,381925,12,construction,5359624.691,3637057.673
4000,Arizona,104,149519,12487,electronics,1495060.882,3637057.673
4000,Arizona,105,631181,1094,food,1483030.717,3637057.673
4000,Arizona,106,18105,34,furniture,710651.4812,3637057.673
4000,Arizona,107,362130,29645,manufacturing_other,245234.5955,3637057.673
4000,Arizona,108,4399,5107,metal_basic,643096.4444,3637057.673
4000,Arizona,109,7491,333,metal_machinery,1140434.235,3637057.673
4000,Arizona,110,21037,634,metal_products,781591.6691,3637057.673
4000,Arizona,111,51776,268,mineral,346305.5571,3637057.673
4000,Arizona,113,25769,66,paper,1453345.662,3637057.673
4000,Arizona,114,29525,2425,petrochemicals,1451592.993,3637057.673
4000,Arizona,116,15954182,133,services,86920501.63,3637057.673
4000,Arizona,117,29377,36,textiles,351605.6418,3637057.673
4000,Arizona,118,12658,0,utilities,797323.46,3637057.673
4000,Arizona,119,238064,128,vehicles_other,610364.6973,3637057.673
5000,Arkansas,101,101161,18,agriculture,1080677.841,1635829.998
5000,Arkansas,102,22033,28955,automotive,566138.6104,1635829.998
5000,Arkansas,103,181870,12,construction,5359624.691,1635829.998
5000,Arkansas,104,40494,12487,electronics,1495060.882,1635829.998
5000,Arkansas,105,284766,1094,food,1483030.717,1635829.998
5000,Arkansas,106,7759,34,furniture,710651.4812,1635829.998
5000,Arkansas,107,338008,29645,manufacturing_other,245234.5955,1635829.998
5000,Arkansas,108,8880,5107,metal_basic,643096.4444,1635829.998
5000,Arkansas,109,11773,333,metal_machinery,1140434.235,1635829.998
5000,Arkansas,110,14605,634,metal_products,781591.6691,1635829.998
5000,Arkansas,111,37375,268,mineral,346305.5571,1635829.998
5000,Arkansas,113,28085,66,paper,1453345.662,1635829.998
5000,Arkansas,114,15680,2425,petrochemicals,1451592.993,1635829.998
5000,Arkansas,116,6895768,133,services,86920501.63,1635829.998
5000,Arkansas,117,13649,36,textiles,351605.6418,1635829.998
5000,Arkansas,118,8249,0,utilities,797323.46,1635829.998
5000,Arkansas,119,133755,128,vehicles_other,610364.6973,1635829.998
6000,California,101,544281,18,agriculture,1080677.841,20973977.23
6000,California,102,240785,28955,automotive,566138.6104,20973977.23
6000,California,103,2244745,12,construction,5359624.691,20973977.23
6000,California,104,1411015,12487,electronics,1495060.882,20973977.23
6000,California,105,3966406,1094,food,1483030.717,20973977.23
6000,California,106,100761,34,furniture,710651.4812,20973977.23
6000,California,107,2958222,29645,manufacturing_other,245234.5955,20973977.23
6000,California,108,19226,5107,metal_basic,643096.4444,20973977.23
6000,California,109,80282,333,metal_machinery,1140434.235,20973977.23
6000,California,110,141527,634,metal_products,781591.6691,20973977.23
6000,California,111,161533,268,mineral,346305.5571,20973977.23
6000,California,113,215646,66,paper,1453345.662,20973977.23
6000,California,114,219082,2425,petrochemicals,1451592.993,20973977.23
6000,California,116,100954607,133,services,86920501.63,20973977.23
6000,California,117,299295,36,textiles,351605.6418,20973977.23
6000,California,118,60926,0,utilities,797323.46,20973977.23
6000,California,119,1648303,128,vehicles_other,610364.6973,20973977.23
8000,Colorado,101,90139,18,agriculture,1080677.841,3158335.088
8000,Colorado,102,37469,28955,automotive,566138.6104,3158335.088
8000,Colorado,103,476835,12,construction,5359624.691,3158335.088
8000,Colorado,104,177335,12487,electronics,1495060.882,3158335.088
8000,Colorado,105,643678,1094,food,1483030.717,3158335.088
8000,Colorado,106,16489,34,furniture,710651.4812,3158335.088
8000,Colorado,107,337738,29645,manufacturing_other,245234.5955,3158335.088
8000,Colorado,108,2344,5107,metal_basic,643096.4444,3158335.088
8000,Colorado,109,13320,333,metal_machinery,1140434.235,3158335.088
8000,Colorado,110,17049,634,metal_products,781591.6691,3158335.088
8000,Colorado,111,137091,268,mineral,346305.5571,3158335.088
8000,Colorado,113,36641,66,paper,1453345.662,3158335.088
8000,Colorado,114,23706,2425,petrochemicals,1451592.993,3158335.088
8000,Colorado,116,15845172,133,services,86920501.63,3158335.088
8000,Colorado,117,27166,36,textiles,351605.6418,3158335.088
8000,Colorado,118,9093,0,utilities,797323.46,3158335.088
8000,Colorado,119,198084,128,vehicles_other,610364.6973,3158335.088
9000,Connecticut,101,18139,18,agriculture,1080677.841,2226662.431
9000,Connecticut,102,23155,28955,automotive,566138.6104,2226662.431
9000,Connecticut,103,239055,12,construction,5359624.691,2226662.431
9000,Connecticut,104,95466,12487,electronics,1495060.882,2226662.431
9000,Connecticut,105,334639,1094,food,1483030.717,2226662.431
9000,Connecticut,106,10002,34,furniture,710651.4812,2226662.431
9000,Connecticut,107,352975,29645,manufacturing_other,245234.5955,2226662.431
9000,Connecticut,108,3807,5107,metal_basic,643096.4444,2226662.431
9000,Connecticut,109,14936,333,metal_machinery,1140434.235,2226662.431
9000,Connecticut,110,30456,634,metal_products,781591.6691,2226662.431
9000,Connecticut,111,9987,268,mineral,346305.5571,2226662.431
9000,Connecticut,113,19698,66,paper,1453345.662,2226662.431
9000,Connecticut,114,24929,2425,petrochemicals,1451592.993,2226662.431
9000,Connecticut,116,10325732,133,services,86920501.63,2226662.431
9000,Connecticut,117,22301,36,textiles,351605.6418,2226662.431
9000,Connecticut,118,6282,0,utilities,797323.46,2226662.431
9000,Connecticut,119,141250,128,vehicles_other,610364.6973,2226662.431
10000,Delaware,101,6613,18,agriculture,1080677.841,504638.908
10000,Delaware,102,7533,28955,automotive,566138.6104,504638.908
10000,Delaware,103,64666,12,construction,5359624.691,504638.908
10000,Delaware,104,17093,12487,electronics,1495060.882,504638.908
10000,Delaware,105,102276,1094,food,1483030.717,504638.908
10000,Delaware,106,2942,34,furniture,710651.4812,504638.908
10000,Delaware,107,60738,29645,manufacturing_other,245234.5955,504638.908
10000,Delaware,109,782,333,metal_machinery,1140434.235,504638.908
10000,Delaware,110,1655,634,metal_products,781591.6691,504638.908
10000,Delaware,111,1116,268,mineral,346305.5571,504638.908
10000,Delaware,113,3185,66,paper,1453345.662,504638.908
10000,Delaware,114,8060,2425,petrochemicals,1451592.993,504638.908
10000,Delaware,116,2559123,133,services,86920501.63,504638.908
10000,Delaware,117,6306,36,textiles,351605.6418,504638.908
10000,Delaware,118,2249,0,utilities,797323.46,504638.908
10000,Delaware,119,33275,128,vehicles_other,610364.6973,504638.908
11000,District of Columbia,101,70,18,agriculture,1080677.841,364644.138
11000,District of Columbia,102,238,28955,automotive,566138.6104,364644.138
11000,District of Columbia,103,36093,12,construction,5359624.691,364644.138
11000,District of Columbia,104,33877,12487,electronics,1495060.882,364644.138
11000,District of Columbia,105,145563,1094,food,1483030.717,364644.138
11000,District of Columbia,106,892,34,furniture,710651.4812,364644.138
11000,District of Columbia,107,3685,29645,manufacturing_other,245234.5955,364644.138
11000,District of Columbia,108,16,5107,metal_basic,643096.4444,364644.138
11000,District of Columbia,110,69,634,metal_products,781591.6691,364644.138
11000,District of Columbia,111,1113,268,mineral,346305.5571,364644.138
11000,District of Columbia,113,6280,66,paper,1453345.662,364644.138
11000,District of Columbia,114,3027,2425,petrochemicals,1451592.993,364644.138
11000,District of Columbia,116,3789383,133,services,86920501.63,364644.138
11000,District of Columbia,117,3669,36,textiles,351605.6418,364644.138
11000,District of Columbia,118,2150,0,utilities,797323.46,364644.138
11000,District of Columbia,119,20658,128,vehicles_other,610364.6973,364644.138
12000,Florida,101,181671,18,agriculture,1080677.841,10415925.74
12000,Florida,102,158203,28955,automotive,566138.6104,10415925.74
12000,Florida,103,1305368,12,construction,5359624.691,10415925.74
12000,Florida,104,406648,12487,electronics,1495060.882,10415925.74
12000,Florida,105,2230179,1094,food,1483030.717,10415925.74
12000,Florida,106,54807,34,furniture,710651.4812,10415925.74
12000,Florida,107,821113,29645,manufacturing_other,245234.5955,10415925.74
12000,Florida,108,4629,5107,metal_basic,643096.4444,10415925.74
12000,Florida,109,29348,333,metal_machinery,1140434.235,10415925.74
12000,Florida,110,38318,634,metal_products,781591.6691,10415925.74
12000,Florida,111,75887,268,mineral,346305.5571,10415925.74
12000,Florida,113,83623,66,paper,1453345.662,10415925.74
12000,Florida,114,114530,2425,petrochemicals,1451592.993,10415925.74
12000,Florida,116,51539539,133,services,86920501.63,10415925.74
12000,Florida,117,141411,36,textiles,351605.6418,10415925.74
12000,Florida,118,25113,0,utilities,797323.46,10415925.74
12000,Florida,119,768087,128,vehicles_other,610364.6973,10415925.74
13000,Georgia,101,113009,18,agriculture,1080677.841,5521962.21
13000,Georgia,102,93866,28955,automotive,566138.6104,5521962.21
13000,Georgia,103,624978,12,construction,5359624.691,5521962.21
13000,Georgia,104,269076,12487,electronics,1495060.882,5521962.21
13000,Georgia,105,1041400,1094,food,1483030.717,5521962.21
13000,Georgia,106,30469,34,furniture,710651.4812,5521962.21
13000,Georgia,107,838571,29645,manufacturing_other,245234.5955,5521962.21
13000,Georgia,108,7284,5107,metal_basic,643096.4444,5521962.21
13000,Georgia,109,22654,333,metal_machinery,1140434.235,5521962.21
13000,Georgia,110,29358,634,metal_products,781591.6691,5521962.21
13000,Georgia,111,37453,268,mineral,346305.5571,5521962.21
13000,Georgia,113,80775,66,paper,1453345.662,5521962.21
13000,Georgia,114,60456,2425,petrochemicals,1451592.993,5521962.21
13000,Georgia,116,25825525,133,services,86920501.63,5521962.21
13000,Georgia,117,103988,36,textiles,351605.6418,5521962.21
13000,Georgia,118,21395,0,utilities,797323.46,5521962.21
13000,Georgia,119,472841,128,vehicles_other,610364.6973,5521962.21
15000,Hawaii,101,20896,18,agriculture,1080677.841,816180.6
15000,Hawaii,102,7185,28955,automotive,566138.6104,816180.6
15000,Hawaii,103,97350,12,construction,5359624.691,816180.6
15000,Hawaii,104,21245,12487,electronics,1495060.882,816180.6
15000,Hawaii,105,241091,1094,food,1483030.717,816180.6
15000,Hawaii,106,2213,34,furniture,710651.4812,816180.6
15000,Hawaii,107,39669,29645,manufacturing_other,245234.5955,816180.6
15000,Hawaii,110,469,634,metal_products,781591.6691,816180.6
15000,Hawaii,111,2534,268,mineral,346305.5571,816180.6
15000,Hawaii,113,3559,66,paper,1453345.662,816180.6
15000,Hawaii,114,6764,2425,petrochemicals,1451592.993,816180.6
15000,Hawaii,116,3944730,133,services,86920501.63,816180.6
15000,Hawaii,117,14346,36,textiles,351605.6418,816180.6
15000,Hawaii,118,4314,0,utilities,797323.46,816180.6
15000,Hawaii,119,59723,128,vehicles_other,610364.6973,816180.6
16000,Idaho,101,75623,18,agriculture,1080677.841,940549.2
16000,Idaho,102,13504,28955,automotive,566138.6104,940549.2
16000,Idaho,103,124227,12,construction,5359624.691,940549.2
16000,Idaho,104,36565,12487,electronics,1495060.882,940549.2
16000,Idaho,105,160154,1094,food,1483030.717,940549.2
16000,Idaho,106,4479,34,furniture,710651.4812,940549.2
16000,Idaho,107,141296,29645,manufacturing_other,245234.5955,940549.2
16000,Idaho,108,797,5107,metal_basic,643096.4444,940549.2
16000,Idaho,109,3367,333,metal_machinery,1140434.235,940549.2
16000,Idaho,110,6499,634,metal_products,781591.6691,940549.2
16000,Idaho,111,12082,268,mineral,346305.5571,940549.2
16000,Idaho,113,13129,66,paper,1453345.662,940549.2
16000,Idaho,114,7406,2425,petrochemicals,1451592.993,940549.2
16000,Idaho,116,4121682,133,services,86920501.63,940549.2
16000,Idaho,117,6407,36,textiles,351605.6418,940549.2
16000,Idaho,118,3260,0,utilities,797323.46,940549.2
16000,Idaho,119,55208,128,vehicles_other,610364.6973,940549.2
17000,Illinois,101,150709,18,agriculture,1080677.841,7698379.2
17000,Illinois,102,115383,28955,automotive,566138.6104,7698379.2
17000,Illinois,103,707733,12,construction,5359624.691,7698379.2
17000,Illinois,104,287411,12487,electronics,1495060.882,7698379.2
17000,Illinois,105,1263860,1094,food,1483030.717,7698379.2
17000,Illinois,106,33070,34,furniture,710651.4812,7698379.2
17000,Illinois,107,1284200,29645,manufacturing_other,245234.5955,7698379.2
17000,Illinois,108,19673,5107,metal_basic,643096.4444,7698379.2
17000,Illinois,109,77952,333,metal_machinery,1140434.235,7698379.2
17000,Illinois,110,94866,634,metal_products,781591.6691,7698379.2
17000,Illinois,111,72057,268,mineral,346305.5571,7698379.2
17000,Illinois,113,89088,66,paper,1453345.662,7698379.2
17000,Illinois,114,102421,2425,petrochemicals,1451592.993,7698379.2
17000,Illinois,116,34213435,133,services,86920501.63,7698379.2
17000,Illinois,117,70489,36,textiles,351605.6418,7698379.2
17000,Illinois,118,25447,0,utilities,797323.46,7698379.2
17000,Illinois,119,724129,128,vehicles_other,610364.6973,7698379.2
18000,Indiana,101,119769,18,agriculture,1080677.841,3890281.2
18000,Indiana,102,158813,28955,automotive,566138.6104,3890281.2
18000,Indiana,103,411471,12,construction,5359624.691,3890281.2
18000,Indiana,104,105798,12487,electronics,1495060.882,3890281.2
18000,Indiana,105,643455,1094,food,1483030.717,3890281.2
18000,Indiana,106,34409,34,furniture,710651.4812,3890281.2
18000,Indiana,107,1140969,29645,manufacturing_other,245234.5955,3890281.2
18000,Indiana,108,43856,5107,metal_basic,643096.4444,3890281.2
18000,Indiana,109,44621,333,metal_machinery,1140434.235,3890281.2
18000,Indiana,110,61107,634,metal_products,781591.6691,3890281.2
18000,Indiana,111,41506,268,mineral,346305.5571,3890281.2
18000,Indiana,113,54146,66,paper,1453345.662,3890281.2
18000,Indiana,114,56185,2425,petrochemicals,1451592.993,3890281.2
18000,Indiana,116,16225215,133,services,86920501.63,3890281.2
18000,Indiana,117,29241,36,textiles,351605.6418,3890281.2
18000,Indiana,118,14515,0,utilities,797323.46,3890281.2
18000,Indiana,119,317194,128,vehicles_other,610364.6973,3890281.2
19000,Iowa,101,177385,18,agriculture,1080677.841,2034965.14
19000,Iowa,102,38698,28955,automotive,566138.6104,2034965.14
19000,Iowa,103,250602,12,construction,5359624.691,2034965.14
19000,Iowa,104,73440,12487,electronics,1495060.882,2034965.14
19000,Iowa,105,357738,1094,food,1483030.717,2034965.14
19000,Iowa,106,12238,34,furniture,710651.4812,2034965.14
19000,Iowa,107,462996,29645,manufacturing_other,245234.5955,2034965.14
19000,Iowa,108,7694,5107,metal_basic,643096.4444,2034965.14
19000,Iowa,109,40748,333,metal_machinery,1140434.235,2034965.14
19000,Iowa,110,21749,634,metal_products,781591.6691,2034965.14
19000,Iowa,111,16136,268,mineral,346305.5571,2034965.14
19000,Iowa,113,29385,66,paper,1453345.662,2034965.14
19000,Iowa,114,22409,2425,petrochemicals,1451592.993,2034965.14
19000,Iowa,116,8717301,133,services,86920501.63,2034965.14
19000,Iowa,117,13797,36,textiles,351605.6418,2034965.14
19000,Iowa,118,6955,0,utilities,797323.46,2034965.14
19000,Iowa,119,155990,128,vehicles_other,610364.6973,2034965.14
20000,Kansas,101,126229,18,agriculture,1080677.841,1857379.818
20000,Kansas,102,21208,28955,automotive,566138.6104,1857379.818
20000,Kansas,103,195368,12,construction,5359624.691,1857379.818
20000,Kansas,104,57425,12487,electronics,1495060.882,1857379.818
20000,Kansas,105,301011,1094,food,1483030.717,1857379.818
20000,Kansas,106,9920,34,furniture,710651.4812,1857379.818
20000,Kansas,107,354307,29645,manufacturing_other,245234.5955,1857379.818
20000,Kansas,108,2053,5107,metal_basic,643096.4444,1857379.818
20000,Kansas,109,19718,333,metal_machinery,1140434.235,1857379.818
20000,Kansas,110,16862,634,metal_products,781591.6691,1857379.818
20000,Kansas,111,98088,268,mineral,346305.5571,1857379.818
20000,Kansas,113,17488,66,paper,1453345.662,1857379.818
20000,Kansas,114,17984,2425,petrochemicals,1451592.993,1857379.818
20000,Kansas,116,8226654,133,services,86920501.63,1857379.818
20000,Kansas,117,14057,36,textiles,351605.6418,1857379.818
20000,Kansas,118,7040,0,utilities,797323.46,1857379.818
20000,Kansas,119,152012,128,vehicles_other,610364.6973,1857379.818
21000,Kentucky,101,168906,18,agriculture,1080677.841,2412688.052
21000,Kentucky,102,86429,28955,automotive,566138.6104,2412688.052
21000,Kentucky,103,265896,12,construction,5359624.691,2412688.052
21000,Kentucky,104,76206,12487,electronics,1495060.882,2412688.052
21000,Kentucky,105,424903,1094,food,1483030.717,2412688.052
21000,Kentucky,106,9822,34,furniture,710651.4812,2412688.052
21000,Kentucky,107,522182,29645,manufacturing_other,245234.5955,2412688.052
21000,Kentucky,108,12036,5107,metal_basic,643096.4444,2412688.052
21000,Kentucky,109,21465,333,metal_machinery,1140434.235,2412688.052
21000,Kentucky,110,21936,634,metal_products,781591.6691,2412688.052
21000,Kentucky,111,54674,268,mineral,346305.5571,2412688.052
21000,Kentucky,113,36180,66,paper,1453345.662,2412688.052
21000,Kentucky,114,30907,2425,petrochemicals,1451592.993,2412688.052
21000,Kentucky,116,10503422,133,services,86920501.63,2412688.052
21000,Kentucky,117,20294,36,textiles,351605.6418,2412688.052
21000,Kentucky,118,6928,0,utilities,797323.46,2412688.052
21000,Kentucky,119,225565,128,vehicles_other,610364.6973,2412688.052
22000,Louisiana,101,75120,18,agriculture,1080677.841,2552288.436
22000,Louisiana,102,32764,28955,automotive,566138.6104,2552288.436
22000,Louisiana,103,407144,12,construction,5359624.691,2552288.436
22000,Louisiana,104,70938,12487,electronics,1495060.882,2552288.436
22000,Louisiana,105,495368,1094,food,1483030.717,2552288.436
22000,Louisiana,106,8755,34,furniture,710651.4812,2552288.436
22000,Louisiana,107,327996,29645,manufacturing_other,245234.5955,2552288.436
22000,Louisiana,108,3796,5107,metal_basic,643096.4444,2552288.436
22000,Louisiana,109,16451,333,metal_machinery,1140434.235,2552288.436
22000,Louisiana,110,21872,634,metal_products,781591.6691,2552288.436
22000,Louisiana,111,159821,268,mineral,346305.5571,2552288.436
22000,Louisiana,113,22779,66,paper,1453345.662,2552288.436
22000,Louisiana,114,45471,2425,petrochemicals,1451592.993,2552288.436
22000,Louisiana,116,11827857,133,services,86920501.63,2552288.436
22000,Louisiana,117,23993,36,textiles,351605.6418,2552288.436
22000,Louisiana,118,9101,0,utilities,797323.46,2552288.436
22000,Louisiana,119,191061,128,vehicles_other,610364.6973,2552288.436
23000,Maine,101,33355,18,agriculture,1080677.841,799673.322
23000,Maine,102,11262,28955,automotive,566138.6104,799673.322
23000,Maine,103,111401,12,construction,5359624.691,799673.322
23000,Maine,104,21043,12487,electronics,1495060.882,799673.322
23000,Maine,105,148464,1094,food,1483030.717,799673.322
23000,Maine,106,3474,34,furniture,710651.4812,799673.322
23000,Maine,107,117038,29645,manufacturing_other,245234.5955,799673.322
23000,Maine,109,2645,333,metal_machinery,1140434.235,799673.322
23000,Maine,110,5312,634,metal_products,781591.6691,799673.322
23000,Maine,111,3047,268,mineral,346305.5571,799673.322
23000,Maine,113,15739,66,paper,1453345.662,799673.322
23000,Maine,114,6985,2425,petrochemicals,1451592.993,799673.322
23000,Maine,116,3616536,133,services,86920501.63,799673.322
23000,Maine,117,10101,36,textiles,351605.6418,799673.322
23000,Maine,118,1836,0,utilities,797323.46,799673.322
23000,Maine,119,49820,128,vehicles_other,610364.6973,799673.322
24000,Maryland,101,34362,18,agriculture,1080677.841,3585375.792
24000,Maryland,102,40524,28955,automotive,566138.6104,3585375.792
24000,Maryland,103,474697,12,construction,5359624.691,3585375.792
24000,Maryland,104,121112,12487,electronics,1495060.882,3585375.792
24000,Maryland,105,573259,1094,food,1483030.717,3585375.792
24000,Maryland,106,15157,34,furniture,710651.4812,3585375.792
24000,Maryland,107,241709,29645,manufacturing_other,245234.5955,3585375.792
24000,Maryland,108,964,5107,metal_basic,643096.4444,3585375.792
24000,Maryland,109,7224,333,metal_machinery,1140434.235,3585375.792
24000,Maryland,110,8695,634,metal_products,781591.6691,3585375.792
24000,Maryland,111,10767,268,mineral,346305.5571,3585375.792
24000,Maryland,113,26348,66,paper,1453345.662,3585375.792
24000,Maryland,114,34737,2425,petrochemicals,1451592.993,3585375.792
24000,Maryland,116,16207694,133,services,86920501.63,3585375.792
24000,Maryland,117,34342,36,textiles,351605.6418,3585375.792
24000,Maryland,118,10806,0,utilities,797323.46,3585375.792
24000,Maryland,119,240106,128,vehicles_other,610364.6973,3585375.792
25000,Massachusetts,101,27963,18,agriculture,1080677.841,3961315.545
25000,Massachusetts,102,40785,28955,automotive,566138.6104,3961315.545
25000,Massachusetts,103,498955,12,construction,5359624.691,3961315.545
25000,Massachusetts,104,233974,12487,electronics,1495060.882,3961315.545
25000,Massachusetts,105,764525,1094,food,1483030.717,3961315.545
25000,Massachusetts,106,15664,34,furniture,710651.4812,3961315.545
25000,Massachusetts,107,563600,29645,manufacturing_other,245234.5955,3961315.545
25000,Massachusetts,108,2941,5107,metal_basic,643096.4444,3961315.545
25000,Massachusetts,109,17654,333,metal_machinery,1140434.235,3961315.545
25000,Massachusetts,110,33719,634,metal_products,781591.6691,3961315.545
25000,Massachusetts,111,14100,268,mineral,346305.5571,3961315.545
25000,Massachusetts,113,71165,66,paper,1453345.662,3961315.545
25000,Massachusetts,114,48053,2425,petrochemicals,1451592.993,3961315.545
25000,Massachusetts,116,20725581,133,services,86920501.63,3961315.545
25000,Massachusetts,117,48880,36,textiles,351605.6418,3961315.545
25000,Massachusetts,118,12218,0,utilities,797323.46,3961315.545
25000,Massachusetts,119,265210,128,vehicles_other,610364.6973,3961315.545
26000,Michigan,101,130145,18,agriculture,1080677.841,5327281.96
26000,Michigan,102,234921,28955,automotive,566138.6104,5327281.96
26000,Michigan,103,542182,12,construction,5359624.691,5327281.96
26000,Michigan,104,173713,12487,electronics,1495060.882,5327281.96
26000,Michigan,105,903449,1094,food,1483030.717,5327281.96
26000,Michigan,106,36481,34,furniture,710651.4812,5327281.96
26000,Michigan,107,1291398,29645,manufacturing_other,245234.5955,5327281.96
26000,Michigan,108,22510,5107,metal_basic,643096.4444,5327281.96
26000,Michigan,109,74666,333,metal_machinery,1140434.235,5327281.96
26000,Michigan,110,84860,634,metal_products,781591.6691,5327281.96
26000,Michigan,111,53808,268,mineral,346305.5571,5327281.96
26000,Michigan,113,60449,66,paper,1453345.662,5327281.96
26000,Michigan,114,68248,2425,petrochemicals,1451592.993,5327281.96
26000,Michigan,116,24141624,133,services,86920501.63,5327281.96
26000,Michigan,117,45591,36,textiles,351605.6418,5327281.96
26000,Michigan,118,20577,0,utilities,797323.46,5327281.96
26000,Michigan,119,312313,128,vehicles_other,610364.6973,5327281.96
27000,Minnesota,101,155766,18,agriculture,1080677.841,3543021.9
27000,Minnesota,102,37169,28955,automotive,566138.6104,3543021.9
27000,Minnesota,103,373632,12,construction,5359624.691,3543021.9
27000,Minnesota,104,161056,12487,electronics,1495060.882,3543021.9
27000,Minnesota,105,566798,1094,food,1483030.717,3543021.9
27000,Minnesota,106,20365,34,furniture,710651.4812,3543021.9
27000,Minnesota,107,711833,29645,manufacturing_other,245234.5955,3543021.9
27000,Minnesota,108,6550,5107,metal_basic,643096.4444,3543021.9
27000,Minnesota,109,34348,333,metal_machinery,1140434.235,3543021.9
27000,Minnesota,110,44509,634,metal_products,781591.6691,3543021.9
27000,Minnesota,111,33770,268,mineral,346305.5571,3543021.9
27000,Minnesota,113,69248,66,paper,1453345.662,3543021.9
27000,Minnesota,114,30538,2425,petrochemicals,1451592.993,3543021.9
27000,Minnesota,116,15977722,133,services,86920501.63,3543021.9
27000,Minnesota,117,30704,36,textiles,351605.6418,3543021.9
27000,Minnesota,118,13486,0,utilities,797323.46,3543021.9
27000,Minnesota,119,233672,128,vehicles_other,610364.6973,3543021.9
28000,Mississippi,101,86822,18,agriculture,1080677.841,1578602.004
28000,Mississippi,102,20581,28955,automotive,566138.6104,1578602.004
28000,Mississippi,103,178943,12,construction,5359624.691,1578602.004
28000,Mississippi,104,42104,12487,electronics,1495060.882,1578602.004
28000,Mississippi,105,300086,1094,food,1483030.717,1578602.004
28000,Mississippi,106,23664,34,furniture,710651.4812,1578602.004
28000,Mississippi,107,303418,29645,manufacturing_other,245234.5955,1578602.004
28000,Mississippi,108,3451,5107,metal_basic,643096.4444,1578602.004
28000,Mississippi,109,12475,333,metal_machinery,1140434.235,1578602.004
28000,Mississippi,110,10290,634,metal_products,781591.6691,1578602.004
28000,Mississippi,111,36627,268,mineral,346305.5571,1578602.004
28000,Mississippi,113,18024,66,paper,1453345.662,1578602.004
28000,Mississippi,114,18022,2425,petrochemicals,1451592.993,1578602.004
28000,Mississippi,116,6794639,133,services,86920501.63,1578602.004
28000,Mississippi,117,16518,36,textiles,351605.6418,1578602.004
28000,Mississippi,118,8311,0,utilities,797323.46,1578602.004
28000,Mississippi,119,126938,128,vehicles_other,610364.6973,1578602.004
29000,Missouri,101,199707,18,agriculture,1080677.841,3593356.2
29000,Missouri,102,46066,28955,automotive,566138.6104,3593356.2
29000,Missouri,103,395055,12,construction,5359624.691,3593356.2
29000,Missouri,104,134964,12487,electronics,1495060.882,3593356.2
29000,Missouri,105,632797,1094,food,1483030.717,3593356.2
29000,Missouri,106,16536,34,furniture,710651.4812,3593356.2
29000,Missouri,107,576966,29645,manufacturing_other,245234.5955,3593356.2
29000,Missouri,108,7655,5107,metal_basic,643096.4444,3593356.2
29000,Missouri,109,26667,333,metal_machinery,1140434.235,3593356.2
29000,Missouri,110,30450,634,metal_products,781591.6691,3593356.2
29000,Missouri,111,27149,268,mineral,346305.5571,3593356.2
29000,Missouri,113,40616,66,paper,1453345.662,3593356.2
29000,Missouri,114,42622,2425,petrochemicals,1451592.993,3593356.2
29000,Missouri,116,15892143,133,services,86920501.63,3593356.2
29000,Missouri,117,30850,36,textiles,351605.6418,3593356.2
29000,Missouri,118,12429,0,utilities,797323.46,3593356.2
29000,Missouri,119,221275,128,vehicles_other,610364.6973,3593356.2
30000,Montana,101,61446,18,agriculture,1080677.841,593649
30000,Montana,102,9359,28955,automotive,566138.6104,593649
30000,Montana,103,95693,12,construction,5359624.691,593649
30000,Montana,104,16653,12487,electronics,1495060.882,593649
30000,Montana,105,127762,1094,food,1483030.717,593649
30000,Montana,106,3332,34,furniture,710651.4812,593649
30000,Montana,107,51407,29645,manufacturing_other,245234.5955,593649
30000,Montana,108,225,5107,metal_basic,643096.4444,593649
30000,Montana,109,1224,333,metal_machinery,1140434.235,593649
30000,Montana,110,3003,634,metal_products,781591.6691,593649
30000,Montana,111,28801,268,mineral,346305.5571,593649
30000,Montana,113,6585,66,paper,1453345.662,593649
30000,Montana,114,4067,2425,petrochemicals,1451592.993,593649
30000,Montana,116,2858350,133,services,86920501.63,593649
30000,Montana,117,3957,36,textiles,351605.6418,593649
30000,Montana,118,3238,0,utilities,797323.46,593649
30000,Montana,119,35290,128,vehicles_other,610364.6973,593649
31000,Nebraska,101,107354,18,agriculture,1080677.841,1236432.857
31000,Nebraska,102,15454,28955,automotive,566138.6104,1236432.857
31000,Nebraska,103,154203,12,construction,5359624.691,1236432.857
31000,Nebraska,104,43198,12487,electronics,1495060.882,1236432.857
31000,Nebraska,105,218195,1094,food,1483030.717,1236432.857
31000,Nebraska,106,4352,34,furniture,710651.4812,1236432.857
31000,Nebraska,107,212403,29645,manufacturing_other,245234.5955,1236432.857
31000,Nebraska,108,1334,5107,metal_basic,643096.4444,1236432.857
31000,Nebraska,109,10118,333,metal_machinery,1140434.235,1236432.857
31000,Nebraska,110,9148,634,metal_products,781591.6691,1236432.857
31000,Nebraska,111,10570,268,mineral,346305.5571,1236432.857
31000,Nebraska,113,12914,66,paper,1453345.662,1236432.857
31000,Nebraska,114,13897,2425,petrochemicals,1451592.993,1236432.857
31000,Nebraska,116,5556788,133,services,86920501.63,1236432.857
31000,Nebraska,117,9138,36,textiles,351605.6418,1236432.857
31000,Nebraska,118,1310,0,utilities,797323.46,1236432.857
31000,Nebraska,119,128351,128,vehicles_other,610364.6973,1236432.857
32000,Nevada,101,10108,18,agriculture,1080677.841,1539314.07
32000,Nevada,102,17693,28955,automotive,566138.6104,1539314.07
32000,Nevada,103,181615,12,construction,5359624.691,1539314.07
32000,Nevada,104,43909,12487,electronics,1495060.882,1539314.07
32000,Nevada,105,675679,1094,food,1483030.717,1539314.07
32000,Nevada,106,6053,34,furniture,710651.4812,1539314.07
32000,Nevada,107,107124,29645,manufacturing_other,245234.5955,1539314.07
32000,Nevada,108,1478,5107,metal_basic,643096.4444,1539314.07
32000,Nevada,109,2010,333,metal_machinery,1140434.235,1539314.07
32000,Nevada,110,5855,634,metal_products,781591.6691,1539314.07
32000,Nevada,111,43096,268,mineral,346305.5571,1539314.07
32000,Nevada,113,9276,66,paper,1453345.662,1539314.07
32000,Nevada,114,12712,2425,petrochemicals,1451592.993,1539314.07
32000,Nevada,116,7220724,133,services,86920501.63,1539314.07
32000,Nevada,117,24504,36,textiles,351605.6418,1539314.07
32000,Nevada,118,4271,0,utilities,797323.46,1539314.07
32000,Nevada,119,137615,128,vehicles_other,610364.6973,1539314.07
33000,New Hampshire,101,11441,18,agriculture,1080677.841,866237.26
33000,New Hampshire,102,13543,28955,automotive,566138.6104,866237.26
33000,New Hampshire,103,110539,12,construction,5359624.691,866237.26
33000,New Hampshire,104,46625,12487,electronics,1495060.882,866237.26
33000,New Hampshire,105,150976,1094,food,1483030.717,866237.26
33000,New Hampshire,106,4059,34,furniture,710651.4812,866237.26
33000,New Hampshire,107,155576,29645,manufacturing_other,245234.5955,866237.26
33000,New Hampshire,108,2412,5107,metal_basic,643096.4444,866237.26
33000,New Hampshire,109,7373,333,metal_machinery,1140434.235,866237.26
33000,New Hampshire,110,12018,634,metal_products,781591.6691,866237.26
33000,New Hampshire,111,5242,268,mineral,346305.5571,866237.26
33000,New Hampshire,113,11692,66,paper,1453345.662,866237.26
33000,New Hampshire,114,7105,2425,petrochemicals,1451592.993,866237.26
33000,New Hampshire,116,3814467,133,services,86920501.63,866237.26
33000,New Hampshire,117,10746,36,textiles,351605.6418,866237.26
33000,New Hampshire,118,2386,0,utilities,797323.46,866237.26
33000,New Hampshire,119,34111,128,vehicles_other,610364.6973,866237.26
34000,New Jersey,101,32862,18,agriculture,1080677.841,5257552.612
34000,New Jersey,102,53057,28955,automotive,566138.6104,5257552.612
34000,New Jersey,103,511822,12,construction,5359624.691,5257552.612
34000,New Jersey,104,208543,12487,electronics,1495060.882,5257552.612
34000,New Jersey,105,816735,1094,food,1483030.717,5257552.612
34000,New Jersey,106,22625,34,furniture,710651.4812,5257552.612
34000,New Jersey,107,546760,29645,manufacturing_other,245234.5955,5257552.612
34000,New Jersey,108,4674,5107,metal_basic,643096.4444,5257552.612
34000,New Jersey,109,14790,333,metal_machinery,1140434.235,5257552.612
34000,New Jersey,110,21176,634,metal_products,781591.6691,5257552.612
34000,New Jersey,111,19058,268,mineral,346305.5571,5257552.612
34000,New Jersey,113,53504,66,paper,1453345.662,5257552.612
34000,New Jersey,114,85380,2425,petrochemicals,1451592.993,5257552.612
34000,New Jersey,116,23997140,133,services,86920501.63,5257552.612
34000,New Jersey,117,71491,36,textiles,351605.6418,5257552.612
34000,New Jersey,118,15805,0,utilities,797323.46,5257552.612
34000,New Jersey,119,397492,128,vehicles_other,610364.6973,5257552.612
35000,New Mexico,101,55340,18,agriculture,1080677.841,1171672.851
35000,New Mexico,102,14359,28955,automotive,566138.6104,1171672.851
35000,New Mexico,103,127349,12,construction,5359624.691,1171672.851
35000,New Mexico,104,37873,12487,electronics,1495060.882,1171672.851
35000,New Mexico,105,203088,1094,food,1483030.717,1171672.851
35000,New Mexico,106,3299,34,furniture,710651.4812,1171672.851
35000,New Mexico,107,73311,29645,manufacturing_other,245234.5955,1171672.851
35000,New Mexico,108,474,5107,metal_basic,643096.4444,1171672.851
35000,New Mexico,109,1276,333,metal_machinery,1140434.235,1171672.851
35000,New Mexico,110,3555,634,metal_products,781591.6691,1171672.851
35000,New Mexico,111,75786,268,mineral,346305.5571,1171672.851
35000,New Mexico,113,5861,66,paper,1453345.662,1171672.851
35000,New Mexico,114,7681,2425,petrochemicals,1451592.993,1171672.851
35000,New Mexico,116,4779301,133,services,86920501.63,1171672.851
35000,New Mexico,117,8287,36,textiles,351605.6418,1171672.851
35000,New Mexico,118,4606,0,utilities,797323.46,1171672.851
35000,New Mexico,119,49734,128,vehicles_other,610364.6973,1171672.851
36000,New York,101,100082,18,agriculture,1080677.841,11064896.24
36000,New York,102,88555,28955,automotive,566138.6104,11064896.24
36000,New York,103,1105303,12,construction,5359624.691,11064896.24
36000,New York,104,652805,12487,electronics,1495060.882,11064896.24
36000,New York,105,1904945,1094,food,1483030.717,11064896.24
36000,New York,106,46816,34,furniture,710651.4812,11064896.24
36000,New York,107,1041300,29645,manufacturing_other,245234.5955,11064896.24
36000,New York,108,10670,5107,metal_basic,643096.4444,11064896.24
36000,New York,109,43387,333,metal_machinery,1140434.235,11064896.24
36000,New York,110,53353,634,metal_products,781591.6691,11064896.24
36000,New York,111,48668,268,mineral,346305.5571,11064896.24
36000,New York,113,128498,66,paper,1453345.662,11064896.24
36000,New York,114,137283,2425,petrochemicals,1451592.993,11064896.24
36000,New York,116,54865529,133,services,86920501.63,11064896.24
36000,New York,117,176072,36,textiles,351605.6418,11064896.24
36000,New York,118,41637,0,utilities,797323.46,11064896.24
36000,New York,119,772538,128,vehicles_other,610364.6973,11064896.24
37000,North Carolina,101,133861,18,agriculture,1080677.841,5349405.963
37000,North Carolina,102,100789,28955,automotive,566138.6104,5349405.963
37000,North Carolina,103,666656,12,construction,5359624.691,5349405.963
37000,North Carolina,104,225600,12487,electronics,1495060.882,5349405.963
37000,North Carolina,105,1005674,1094,food,1483030.717,5349405.963
37000,North Carolina,106,55350,34,furniture,710651.4812,5349405.963
37000,North Carolina,107,1020379,29645,manufacturing_other,245234.5955,5349405.963
37000,North Carolina,108,8285,5107,metal_basic,643096.4444,5349405.963
37000,North Carolina,109,33698,333,metal_machinery,1140434.235,5349405.963
37000,North Carolina,110,38852,634,metal_products,781591.6691,5349405.963
37000,North Carolina,111,32649,268,mineral,346305.5571,5349405.963
37000,North Carolina,113,74364,66,paper,1453345.662,5349405.963
37000,North Carolina,114,83605,2425,petrochemicals,1451592.993,5349405.963
37000,North Carolina,116,25028365,133,services,86920501.63,5349405.963
37000,North Carolina,117,90618,36,textiles,351605.6418,5349405.963
37000,North Carolina,118,15472,0,utilities,797323.46,5349405.963
37000,North Carolina,119,302673,128,vehicles_other,610364.6973,5349405.963
38000,North Dakota,101,58763,18,agriculture,1080677.841,469468.518
38000,North Dakota,102,7769,28955,automotive,566138.6104,469468.518
38000,North Dakota,103,93414,12,construction,5359624.691,469468.518
38000,North Dakota,104,15451,12487,electronics,1495060.882,469468.518
38000,North Dakota,105,90859,1094,food,1483030.717,469468.518
38000,North Dakota,106,2588,34,furniture,710651.4812,469468.518
38000,North Dakota,107,56449,29645,manufacturing_other,245234.5955,469468.518
38000,North Dakota,109,5837,333,metal_machinery,1140434.235,469468.518
38000,North Dakota,110,2264,634,metal_products,781591.6691,469468.518
38000,North Dakota,111,62413,268,mineral,346305.5571,469468.518
38000,North Dakota,113,5851,66,paper,1453345.662,469468.518
38000,North Dakota,114,3500,2425,petrochemicals,1451592.993,469468.518
38000,North Dakota,116,2484537,133,services,86920501.63,469468.518
38000,North Dakota,117,3912,36,textiles,351605.6418,469468.518
38000,North Dakota,118,3949,0,utilities,797323.46,469468.518
38000,North Dakota,119,50701,128,vehicles_other,610364.6973,469468.518
39000,Ohio,101,172960,18,agriculture,1080677.841,6921902.4
39000,Ohio,102,189800,28955,automotive,566138.6104,6921902.4
39000,Ohio,103,694647,12,construction,5359624.691,6921902.4
39000,Ohio,104,213677,12487,electronics,1495060.882,6921902.4
39000,Ohio,105,1165459,1094,food,1483030.717,6921902.4
39000,Ohio,106,31850,34,furniture,710651.4812,6921902.4
39000,Ohio,107,1518250,29645,manufacturing_other,245234.5955,6921902.4
39000,Ohio,108,39049,5107,metal_basic,643096.4444,6921902.4
39000,Ohio,109,81475,333,metal_machinery,1140434.235,6921902.4
39000,Ohio,110,107079,634,metal_products,781591.6691,6921902.4
39000,Ohio,111,99738,268,mineral,346305.5571,6921902.4
39000,Ohio,113,86642,66,paper,1453345.662,6921902.4
39000,Ohio,114,87047,2425,petrochemicals,1451592.993,6921902.4
39000,Ohio,116,29935303,133,services,86920501.63,6921902.4
39000,Ohio,117,54170,36,textiles,351605.6418,6921902.4
39000,Ohio,118,20320,0,utilities,797323.46,6921902.4
39000,Ohio,119,459388,128,vehicles_other,610364.6973,6921902.4
40000,Oklahoma,101,158015,18,agriculture,1080677.841,2250810.6
40000,Oklahoma,102,29986,28955,automotive,566138.6104,2250810.6
40000,Oklahoma,103,270065,12,construction,5359624.691,2250810.6
40000,Oklahoma,104,60384,12487,electronics,1495060.882,2250810.6
40000,Oklahoma,105,363382,1094,food,1483030.717,2250810.6
40000,Oklahoma,106,8430,34,furniture,710651.4812,2250810.6
40000,Oklahoma,107,314185,29645,manufacturing_other,245234.5955,2250810.6
40000,Oklahoma,108,4046,5107,metal_basic,643096.4444,2250810.6
40000,Oklahoma,109,31155,333,metal_machinery,1140434.235,2250810.6
40000,Oklahoma,110,26130,634,metal_products,781591.6691,2250810.6
40000,Oklahoma,111,279920,268,mineral,346305.5571,2250810.6
40000,Oklahoma,113,15008,66,paper,1453345.662,2250810.6
40000,Oklahoma,114,18183,2425,petrochemicals,1451592.993,2250810.6
40000,Oklahoma,116,9841747,133,services,86920501.63,2250810.6
40000,Oklahoma,117,16768,36,textiles,351605.6418,2250810.6
40000,Oklahoma,118,12507,0,utilities,797323.46,2250810.6
40000,Oklahoma,119,130431,128,vehicles_other,610364.6973,2250810.6
41000,Oregon,101,125895,18,agriculture,1080677.841,2298644.4
41000,Oregon,102,27040,28955,automotive,566138.6104,2298644.4
41000,Oregon,103,248410,12,construction,5359624.691,2298644.4
41000,Oregon,104,113073,12487,electronics,1495060.882,2298644.4
41000,Oregon,105,447263,1094,food,1483030.717,2298644.4
41000,Oregon,106,13558,34,furniture,710651.4812,2298644.4
41000,Oregon,107,421996,29645,manufacturing_other,245234.5955,2298644.4
41000,Oregon,108,8573,5107,metal_basic,643096.4444,2298644.4
41000,Oregon,109,13327,333,metal_machinery,1140434.235,2298644.4
41000,Oregon,110,17535,634,metal_products,781591.6691,2298644.4
41000,Oregon,111,15214,268,mineral,346305.5571,2298644.4
41000,Oregon,113,52185,66,paper,1453345.662,2298644.4
41000,Oregon,114,15187,2425,petrochemicals,1451592.993,2298644.4
41000,Oregon,116,10393780,133,services,86920501.63,2298644.4
41000,Oregon,117,22825,36,textiles,351605.6418,2298644.4
41000,Oregon,118,4866,0,utilities,797323.46,2298644.4
41000,Oregon,119,136241,128,vehicles_other,610364.6973,2298644.4
42000,Pennsylvania,101,143404,18,agriculture,1080677.841,7621427.4
42000,Pennsylvania,102,103681,28955,automotive,566138.6104,7621427.4
42000,Pennsylvania,103,790434,12,construction,5359624.691,7621427.4
42000,Pennsylvania,104,249876,12487,electronics,1495060.882,7621427.4
42000,Pennsylvania,105,1209214,1094,food,1483030.717,7621427.4
42000,Pennsylvania,106,35559,34,furniture,710651.4812,7621427.4
42000,Pennsylvania,107,1269125,29645,manufacturing_other,245234.5955,7621427.4
42000,Pennsylvania,108,37934,5107,metal_basic,643096.4444,7621427.4
42000,Pennsylvania,109,49347,333,metal_machinery,1140434.235,7621427.4
42000,Pennsylvania,110,84739,634,metal_products,781591.6691,7621427.4
42000,Pennsylvania,111,134367,268,mineral,346305.5571,7621427.4
42000,Pennsylvania,113,105243,66,paper,1453345.662,7621427.4
42000,Pennsylvania,114,92239,2425,petrochemicals,1451592.993,7621427.4
42000,Pennsylvania,116,33002806,133,services,86920501.63,7621427.4
42000,Pennsylvania,117,70016,36,textiles,351605.6418,7621427.4
42000,Pennsylvania,118,26118,0,utilities,797323.46,7621427.4
42000,Pennsylvania,119,612145,128,vehicles_other,610364.6973,7621427.4
44000,Rhode Island,101,3946,18,agriculture,1080677.841,633645.334
44000,Rhode Island,102,6260,28955,automotive,566138.6104,633645.334
44000,Rhode Island,103,62126,12,construction,5359624.691,633645.334
44000,Rhode Island,104,22718,12487,electronics,1495060.882,633645.334
44000,Rhode Island,105,117018,1094,food,1483030.717,633645.334
44000,Rhode Island,106,2735,34,furniture,710651.4812,633645.334
44000,Rhode Island,107,95858,29645,manufacturing_other,245234.5955,633645.334
44000,Rhode Island,109,1970,333,metal_machinery,1140434.235,633645.334
44000,Rhode Island,110,5601,634,metal_products,781591.6691,633645.334
44000,Rhode Island,111,1100,268,mineral,346305.5571,633645.334
44000,Rhode Island,113,6130,66,paper,1453345.662,633645.334
44000,Rhode Island,114,8363,2425,petrochemicals,1451592.993,633645.334
44000,Rhode Island,116,2786055,133,services,86920501.63,633645.334
44000,Rhode Island,117,7835,36,textiles,351605.6418,633645.334
44000,Rhode Island,118,1387,0,utilities,797323.46,633645.334
44000,Rhode Island,119,32975,128,vehicles_other,610364.6973,633645.334
45000,South Carolina,101,61311,18,agriculture,1080677.841,2520823.38
45000,South Carolina,102,61467,28955,automotive,566138.6104,2520823.38
45000,South Carolina,103,295666,12,construction,5359624.691,2520823.38
45000,South Carolina,104,84995,12487,electronics,1495060.882,2520823.38
45000,South Carolina,105,520613,1094,food,1483030.717,2520823.38
45000,South Carolina,106,10796,34,furniture,710651.4812,2520823.38
45000,South Carolina,107,520530,29645,manufacturing_other,245234.5955,2520823.38
45000,South Carolina,108,6061,5107,metal_basic,643096.4444,2520823.38
45000,South Carolina,109,21760,333,metal_machinery,1140434.235,2520823.38
45000,South Carolina,110,29161,634,metal_products,781591.6691,2520823.38
45000,South Carolina,111,16005,268,mineral,346305.5571,2520823.38
45000,South Carolina,113,34794,66,paper,1453345.662,2520823.38
45000,South Carolina,114,38784,2425,petrochemicals,1451592.993,2520823.38
45000,South Carolina,116,11563672,133,services,86920501.63,2520823.38
45000,South Carolina,117,44408,36,textiles,351605.6418,2520823.38
45000,South Carolina,118,12800,0,utilities,797323.46,2520823.38
45000,South Carolina,119,166093,128,vehicles_other,610364.6973,2520823.38
46000,South Dakota,101,64002,18,agriculture,1080677.841,550385.68
46000,South Dakota,102,8543,28955,automotive,566138.6104,550385.68
46000,South Dakota,103,73826,12,construction,5359624.691,550385.68
46000,South Dakota,104,16393,12487,electronics,1495060.882,550385.68
46000,South Dakota,105,106343,1094,food,1483030.717,550385.68
46000,South Dakota,106,4290,34,furniture,710651.4812,550385.68
46000,South Dakota,107,96565,29645,manufacturing_other,245234.5955,550385.68
46000,South Dakota,108,709,5107,metal_basic,643096.4444,550385.68
46000,South Dakota,109,7207,333,metal_machinery,1140434.235,550385.68
46000,South Dakota,110,4432,634,metal_products,781591.6691,550385.68
46000,South Dakota,111,7445,268,mineral,346305.5571,550385.68
46000,South Dakota,113,6373,66,paper,1453345.662,550385.68
46000,South Dakota,114,3805,2425,petrochemicals,1451592.993,550385.68
46000,South Dakota,116,2529617,133,services,86920501.63,550385.68
46000,South Dakota,117,3794,36,textiles,351605.6418,550385.68
46000,South Dakota,118,2104,0,utilities,797323.46,550385.68
46000,South Dakota,119,32033,128,vehicles_other,610364.6973,550385.68
47000,Tennessee,101,151410,18,agriculture,1080677.841,3566511.01
47000,Tennessee,102,111672,28955,automotive,566138.6104,3566511.01
47000,Tennessee,103,432787,12,construction,5359624.691,3566511.01
47000,Tennessee,104,134980,12487,electronics,1495060.882,3566511.01
47000,Tennessee,105,692472,1094,food,1483030.717,3566511.01
47000,Tennessee,106,20894,34,furniture,710651.4812,3566511.01
47000,Tennessee,107,735761,29645,manufacturing_other,245234.5955,3566511.01
47000,Tennessee,108,10520,5107,metal_basic,643096.4444,3566511.01
47000,Tennessee,109,26081,333,metal_machinery,1140434.235,3566511.01
47000,Tennessee,110,36524,634,metal_products,781591.6691,3566511.01
47000,Tennessee,111,32769,268,mineral,346305.5571,3566511.01
47000,Tennessee,113,50343,66,paper,1453345.662,3566511.01
47000,Tennessee,114,54371,2425,petrochemicals,1451592.993,3566511.01
47000,Tennessee,116,16829028,133,services,86920501.63,3566511.01
47000,Tennessee,117,41633,36,textiles,351605.6418,3566511.01
47000,Tennessee,118,3931,0,utilities,797323.46,3566511.01
47000,Tennessee,119,328258,128,vehicles_other,610364.6973,3566511.01
48000,Texas,101,558707,18,agriculture,1080677.841,15213064.41
48000,Texas,102,245221,28955,automotive,566138.6104,15213064.41
48000,Texas,103,2242419,12,construction,5359624.691,15213064.41
48000,Texas,104,609711,12487,electronics,1495060.882,15213064.41
48000,Texas,105,2787444,1094,food,1483030.717,15213064.41
48000,Texas,106,73530,34,furniture,710651.4812,15213064.41
48000,Texas,107,2009778,29645,manufacturing_other,245234.5955,15213064.41
48000,Texas,108,22851,5107,metal_basic,643096.4444,15213064.41
48000,Texas,109,111259,333,metal_machinery,1140434.235,15213064.41
48000,Texas,110,143237,634,metal_products,781591.6691,15213064.41
48000,Texas,111,1106494,268,mineral,346305.5571,15213064.41
48000,Texas,113,122604,66,paper,1453345.662,15213064.41
48000,Texas,114,178348,2425,petrochemicals,1451592.993,15213064.41
48000,Texas,116,71869106,133,services,86920501.63,15213064.41
48000,Texas,117,163784,36,textiles,351605.6418,15213064.41
48000,Texas,118,56240,0,utilities,797323.46,15213064.41
48000,Texas,119,1280156,128,vehicles_other,610364.6973,15213064.41
49000,Utah,101,39404,18,agriculture,1080677.841,1738483.665
49000,Utah,102,28240,28955,automotive,566138.6104,1738483.665
49000,Utah,103,233470,12,construction,5359624.691,1738483.665
49000,Utah,104,87529,12487,electronics,1495060.882,1738483.665
49000,Utah,105,283214,1094,food,1483030.717,1738483.665
49000,Utah,106,12168,34,furniture,710651.4812,1738483.665
49000,Utah,107,292650,29645,manufacturing_other,245234.5955,1738483.665
49000,Utah,108,4310,5107,metal_basic,643096.4444,1738483.665
49000,Utah,109,6250,333,metal_machinery,1140434.235,1738483.665
49000,Utah,110,14634,634,metal_products,781591.6691,1738483.665
49000,Utah,111,37296,268,mineral,346305.5571,1738483.665
49000,Utah,113,24045,66,paper,1453345.662,1738483.665
49000,Utah,114,19287,2425,petrochemicals,1451592.993,1738483.665
49000,Utah,116,8257430,133,services,86920501.63,1738483.665
49000,Utah,117,16583,36,textiles,351605.6418,1738483.665
49000,Utah,118,4285,0,utilities,797323.46,1738483.665
49000,Utah,119,125839,128,vehicles_other,610364.6973,1738483.665
50000,Vermont,101,19879,18,agriculture,1080677.841,414866.283
50000,Vermont,102,5564,28955,automotive,566138.6104,414866.283
50000,Vermont,103,61053,12,construction,5359624.691,414866.283
50000,Vermont,104,16727,12487,electronics,1495060.882,414866.283
50000,Vermont,105,88303,1094,food,1483030.717,414866.283
50000,Vermont,106,2787,34,furniture,710651.4812,414866.283
50000,Vermont,107,73106,29645,manufacturing_other,245234.5955,414866.283
50000,Vermont,109,3038,333,metal_machinery,1140434.235,414866.283
50000,Vermont,110,2344,634,metal_products,781591.6691,414866.283
50000,Vermont,111,3476,268,mineral,346305.5571,414866.283
50000,Vermont,113,6470,66,paper,1453345.662,414866.283
50000,Vermont,114,3756,2425,petrochemicals,1451592.993,414866.283
50000,Vermont,116,1885637,133,services,86920501.63,414866.283
50000,Vermont,117,3516,36,textiles,351605.6418,414866.283
50000,Vermont,118,1741,0,utilities,797323.46,414866.283
50000,Vermont,119,18812,128,vehicles_other,610364.6973,414866.283
51000,Virginia,101,105124,18,agriculture,1080677.841,5128656.384
51000,Virginia,102,58020,28955,automotive,566138.6104,5128656.384
51000,Virginia,103,578939,12,construction,5359624.691,5128656.384
51000,Virginia,104,182683,12487,electronics,1495060.882,5128656.384
51000,Virginia,105,831336,1094,food,1483030.717,5128656.384
51000,Virginia,106,25304,34,furniture,710651.4812,5128656.384
51000,Virginia,107,520983,29645,manufacturing_other,245234.5955,5128656.384
51000,Virginia,108,3846,5107,metal_basic,643096.4444,5128656.384
51000,Virginia,109,16124,333,metal_machinery,1140434.235,5128656.384
51000,Virginia,110,19132,634,metal_products,781591.6691,5128656.384
51000,Virginia,111,36888,268,mineral,346305.5571,5128656.384
51000,Virginia,113,53449,66,paper,1453345.662,5128656.384
51000,Virginia,114,43851,2425,petrochemicals,1451592.993,5128656.384
51000,Virginia,116,22296358,133,services,86920501.63,5128656.384
51000,Virginia,117,47610,36,textiles,351605.6418,5128656.384
51000,Virginia,118,11576,0,utilities,797323.46,5128656.384
51000,Virginia,119,287604,128,vehicles_other,610364.6973,5128656.384
53000,Washington,101,158630,18,agriculture,1080677.841,4088520.32
53000,Washington,102,44500,28955,automotive,566138.6104,4088520.32
53000,Washington,103,485411,12,construction,5359624.691,4088520.32
53000,Washington,104,221917,12487,electronics,1495060.882,4088520.32
53000,Washington,105,684406,1094,food,1483030.717,4088520.32
53000,Washington,106,18475,34,furniture,710651.4812,4088520.32
53000,Washington,107,650490,29645,manufacturing_other,245234.5955,4088520.32
53000,Washington,108,5828,5107,metal_basic,643096.4444,4088520.32
53000,Washington,109,16854,333,metal_machinery,1140434.235,4088520.32
53000,Washington,110,21979,634,metal_products,781591.6691,4088520.32
53000,Washington,111,28474,268,mineral,346305.5571,4088520.32
53000,Washington,113,96381,66,paper,1453345.662,4088520.32
53000,Washington,114,28570,2425,petrochemicals,1451592.993,4088520.32
53000,Washington,116,18246554,133,services,86920501.63,4088520.32
53000,Washington,117,32807,36,textiles,351605.6418,4088520.32
53000,Washington,118,5465,0,utilities,797323.46,4088520.32
53000,Washington,119,249765,128,vehicles_other,610364.6973,4088520.32
54000,West Virginia,101,47275,18,agriculture,1080677.841,904261.072
54000,West Virginia,102,13410,28955,automotive,566138.6104,904261.072
54000,West Virginia,103,99458,12,construction,5359624.691,904261.072
54000,West Virginia,104,22244,12487,electronics,1495060.882,904261.072
54000,West Virginia,105,159642,1094,food,1483030.717,904261.072
54000,West Virginia,106,3331,34,furniture,710651.4812,904261.072
54000,West Virginia,107,106370,29645,manufacturing_other,245234.5955,904261.072
54000,West Virginia,108,4487,5107,metal_basic,643096.4444,904261.072
54000,West Virginia,109,2283,333,metal_machinery,1140434.235,904261.072
54000,West Virginia,110,5386,634,metal_products,781591.6691,904261.072
54000,West Virginia,111,82482,268,mineral,346305.5571,904261.072
54000,West Virginia,113,11095,66,paper,1453345.662,904261.072
54000,West Virginia,114,16992,2425,petrochemicals,1451592.993,904261.072
54000,West Virginia,116,3905269,133,services,86920501.63,904261.072
54000,West Virginia,117,5918,36,textiles,351605.6418,904261.072
54000,West Virginia,118,5213,0,utilities,797323.46,904261.072
54000,West Virginia,119,52619,128,vehicles_other,610364.6973,904261.072
55000,Wisconsin,101,162159,18,agriculture,1080677.841,3594175.152
55000,Wisconsin,102,60168,28955,automotive,566138.6104,3594175.152
55000,Wisconsin,103,365971,12,construction,5359624.691,3594175.152
55000,Wisconsin,104,142217,12487,electronics,1495060.882,3594175.152
55000,Wisconsin,105,636307,1094,food,1483030.717,3594175.152
55000,Wisconsin,106,24610,34,furniture,710651.4812,3594175.152
55000,Wisconsin,107,1017952,29645,manufacturing_other,245234.5955,3594175.152
55000,Wisconsin,108,17105,5107,metal_basic,643096.4444,3594175.152
55000,Wisconsin,109,69062,333,metal_machinery,1140434.235,3594175.152
55000,Wisconsin,110,76597,634,metal_products,781591.6691,3594175.152
55000,Wisconsin,111,21862,268,mineral,346305.5571,3594175.152
55000,Wisconsin,113,104545,66,paper,1453345.662,3594175.152
55000,Wisconsin,114,37446,2425,petrochemicals,1451592.993,3594175.152
55000,Wisconsin,116,15494209,133,services,86920501.63,3594175.152
55000,Wisconsin,117,26388,36,textiles,351605.6418,3594175.152
55000,Wisconsin,118,10940,0,utilities,797323.46,3594175.152
55000,Wisconsin,119,243559,128,vehicles_other,610364.6973,3594175.152
56000,Wyoming,101,27326,18,agriculture,1080677.841,365229.648
56000,Wyoming,102,5105,28955,automotive,566138.6104,365229.648
56000,Wyoming,103,65086,12,construction,5359624.691,365229.648
56000,Wyoming,104,9617,12487,electronics,1495060.882,365229.648
56000,Wyoming,105,77743,1094,food,1483030.717,365229.648
56000,Wyoming,106,1210,34,furniture,710651.4812,365229.648
56000,Wyoming,107,25476,29645,manufacturing_other,245234.5955,365229.648
56000,Wyoming,109,741,333,metal_machinery,1140434.235,365229.648
56000,Wyoming,110,1842,634,metal_products,781591.6691,365229.648
56000,Wyoming,111,63968,268,mineral,346305.5571,365229.648
56000,Wyoming,113,2377,66,paper,1453345.662,365229.648
56000,Wyoming,114,3337,2425,petrochemicals,1451592.993,365229.648
56000,Wyoming,116,1718461,133,services,86920501.63,365229.648
56000,Wyoming,117,1949,36,textiles,351605.6418,365229.648
56000,Wyoming,118,2660,0,utilities,797323.46,365229.648
56000,Wyoming,119,30219,128,vehicles_other,610364.6973,365229.648
