GeoFips,GeoName,deno code,2016 employment by industry,2016 robot data,industry_ifr19,2010 employment by industry,2010employment by state,Robot Penetration
1000,Alabama,101,97882,0,agriculture,1080677.841,2523700.608,0.0
1000,Alabama,102,79195,37229,automotive,566138.6104,2523700.608,0.002063566776499523
1000,Alabama,103,304344,23,construction,5359624.691,2523700.608,5.175119334382864e-07
1000,Alabama,104,69805,13451,electronics,1495060.882,2523700.608,0.00024885386679235816
1000,Alabama,105,455330,1136,food,1483030.717,2523700.608,0.00013820272871608533
1000,Alabama,106,17733,21,furniture,710651.4812,2523700.608,2.076380831196128e-07
1000,Alabama,107,570468,32862,manufacturing_other,245234.5955,2523700.608,0.03029044895985296
1000,Alabama,108,17209,4339,metal_basic,643096.4444,2523700.608,4.60077869978108e-05
1000,Alabama,109,11255,338,metal_machinery,1140434.235,2523700.608,1.3217646151665822e-06
1000,Alabama,110,26781,680,metal_products,781591.6691,2523700.608,9.232470916002308e-06
1000,Alabama,111,30197,217,mineral,346305.5571,2523700.608,7.497668588222916e-06
1000,Alabama,113,38502,32,paper,1453345.662,2523700.608,3.359127721405722e-07
1000,Alabama,114,31653,2680,petrochemicals,1451592.993,2523700.608,2.31561831716213e-05
1000,Alabama,116,11431293,155,services,86920501.63,2523700.608,8.077314598089935e-06
1000,Alabama,117,33994,39,textiles,351605.6418,2523700.608,1.4940777894359812e-06
1000,Alabama,118,14962,17,utilities,797323.46,2523700.608,1.2640556574413749e-07
1000,Alabama,119,170136,115,vehicles_other,610364.6973,2523700.608,1.2701845311955759e-05
2000,Alaska,101,12330,0,agriculture,1080677.841,455968.302,0.0
2000,Alaska,102,4660,37229,automotive,566138.6104,455968.302,0.0006720628054891176
2000,Alaska,103,51660,23,construction,5359624.691,455968.302,4.861980427870073e-07
2000,Alaska,104,14479,13451,electronics,1495060.882,455968.302,0.00028569300688427007
2000,Alaska,105,87932,1136,food,1483030.717,455968.302,0.0001477204030056063
2000,Alaska,106,929,21,furniture,710651.4812,455968.302,6.020654293924216e-08
2000,Alaska,107,34107,32862,manufacturing_other,245234.5955,455968.302,0.010023539901310382
2000,Alaska,108,29,4339,metal_basic,643096.4444,455968.302,4.29118153265642e-07
2000,Alaska,109,137,338,metal_machinery,1140434.235,455968.302,8.904968118919163e-08
2000,Alaska,110,630,680,metal_products,781591.6691,455968.302,1.2020841977689927e-06
2000,Alaska,111,37757,217,mineral,346305.5571,455968.302,5.188754233103149e-05
2000,Alaska,113,2139,32,paper,1453345.662,455968.302,1.0328974179999608e-07
2000,Alaska,114,1828,2680,petrochemicals,1451592.993,455968.302,7.401699850357795e-06
2000,Alaska,116,1999500,155,services,86920501.63,455968.302,7.819810525009974e-06
2000,Alaska,117,2946,39,textiles,351605.6418,455968.302,7.166495987244319e-07
2000,Alaska,118,2347,17,utilities,797323.46,455968.302,1.0974704003974025e-07
2000,Alaska,119,40012,115,vehicles_other,610364.6973,455968.302,1.6533471131327343e-05
4000,Arizona,101,66740,0,agriculture,1080677.841,3637057.673,0.0
4000,Arizona,102,51322,37229,automotive,566138.6104,3637057.673,0.0009279230884222613
4000,Arizona,103,408187,23,construction,5359624.691,3637057.673,4.816176987374901e-07
4000,Arizona,104,150395,13451,electronics,1495060.882,3637057.673,0.0003720308072641399
4000,Arizona,105,654093,1136,food,1483030.717,3637057.673,0.0001377582124291662
4000,Arizona,106,18439,21,furniture,710651.4812,3637057.673,1.498131051812514e-07
4000,Arizona,107,369786,32862,manufacturing_other,245234.5955,3637057.673,0.013624247732470441
4000,Arizona,108,3993,4339,metal_basic,643096.4444,3637057.673,7.407346562292516e-06
4000,Arizona,109,7575,338,metal_machinery,1140434.235,3637057.673,6.17275306349022e-07
4000,Arizona,110,21547,680,metal_products,781591.6691,3637057.673,5.15425160683619e-06
4000,Arizona,111,52763,217,mineral,346305.5571,3637057.673,9.090328257775113e-06
4000,Arizona,113,26600,32,paper,1453345.662,3637057.673,1.6103211928050054e-07
4000,Arizona,114,30903,2680,petrochemicals,1451592.993,3637057.673,1.568701764445658e-05
4000,Arizona,116,16367264,155,services,86920501.63,3637057.673,8.024821370262815e-06
4000,Arizona,117,29931,39,textiles,351605.6418,3637057.673,9.128087850366148e-07
4000,Arizona,118,13261,17,utilities,797323.46,3637057.673,7.773927140454689e-08
4000,Arizona,119,252166,115,vehicles_other,610364.6973,3637057.673,1.3063055603281392e-05
5000,Arkansas,101,108894,0,agriculture,1080677.841,1635829.998,0.0
5000,Arkansas,102,22684,37229,automotive,566138.6104,1635829.998,0.0009118849894833707
5000,Arkansas,103,189336,23,construction,5359624.691,1635829.998,4.966935113538129e-07
5000,Arkansas,104,39892,13451,electronics,1495060.882,1635829.998,0.00021940339153058566
5000,Arkansas,105,293247,1136,food,1483030.717,1635829.998,0.000137316774905707
5000,Arkansas,106,7953,21,furniture,710651.4812,1635829.998,1.4366647748577318e-07
5000,Arkansas,107,338712,32862,manufacturing_other,245234.5955,1635829.998,0.027746273951950107
5000,Arkansas,108,8075,4339,metal_basic,643096.4444,1635829.998,3.3305649293391616e-05
5000,Arkansas,109,11462,338,metal_machinery,1140434.235,1635829.998,2.0766757441012764e-06
5000,Arkansas,110,14519,680,metal_products,781591.6691,1635829.998,7.721959655408195e-06
5000,Arkansas,111,35392,217,mineral,346305.5571,1635829.998,1.3557112827465485e-05
5000,Arkansas,113,28262,32,paper,1453345.662,1635829.998,3.8040462075690665e-07
5000,Arkansas,114,15908,2680,petrochemicals,1451592.993,1635829.998,1.795425318366506e-05
5000,Arkansas,116,6971749,155,services,86920501.63,1635829.998,7.599990495221705e-06
5000,Arkansas,117,14260,39,textiles,351605.6418,1635829.998,9.669190783558809e-07
5000,Arkansas,118,8189,17,utilities,797323.46,1635829.998,1.0673505586004068e-07
5000,Arkansas,119,133276,115,vehicles_other,610364.6973,1635829.998,1.5350489024578763e-05
6000,California,101,543798,0,agriculture,1080677.841,20973977.23,0.0
6000,California,102,248732,37229,automotive,566138.6104,20973977.23,0.000779847108210588
6000,California,103,2359152,23,construction,5359624.691,20973977.23,4.826903183899604e-07
6000,California,104,1494082,13451,electronics,1495060.882,20973977.23,0.0006408986189089462
6000,California,105,4097303,1136,food,1483030.717,20973977.23,0.00014963923335393873
6000,California,106,102220,21,furniture,710651.4812,20973977.23,1.440183110832291e-07
6000,California,107,2989244,32862,manufacturing_other,245234.5955,20973977.23,0.019098217227029268
6000,California,108,18109,4339,metal_basic,643096.4444,20973977.23,5.825419674581127e-06
6000,California,109,81026,338,metal_machinery,1140434.235,20973977.23,1.144959333482363e-06
6000,California,110,138412,680,metal_products,781591.6691,20973977.23,5.741454704833805e-06
6000,California,111,156442,217,mineral,346305.5571,20973977.23,4.673829231766629e-06
6000,California,113,220446,32,paper,1453345.662,20973977.23,2.3142085320561409e-07
6000,California,114,227153,2680,petrochemicals,1451592.993,20973977.23,1.9995285779269285e-05
6000,California,116,102916245,155,services,86920501.63,20973977.23,8.75009189584514e-06
6000,California,117,288212,39,textiles,351605.6418,20973977.23,1.5241932673045392e-06
6000,California,118,64345,17,utilities,797323.46,20973977.23,6.541063898336825e-08
6000,California,119,1867982,115,vehicles_other,610364.6973,20973977.23,1.6780323477329407e-05
8000,Colorado,101,94020,0,agriculture,1080677.841,3158335.088,0.0
8000,Colorado,102,38546,37229,automotive,566138.6104,3158335.088,0.000802564061261481
8000,Colorado,103,504201,23,construction,5359624.691,3158335.088,6.850763170841614e-07
8000,Colorado,104,180393,13451,electronics,1495060.882,3158335.088,0.0005138746218377488
8000,Colorado,105,666362,1136,food,1483030.717,3158335.088,0.00016161445529402481
8000,Colorado,106,17168,21,furniture,710651.4812,3158335.088,1.6062906396109307e-07
8000,Colorado,107,344570,32862,manufacturing_other,245234.5955,3158335.088,0.01461946609657205
8000,Colorado,108,2098,4339,metal_basic,643096.4444,3158335.088,4.481886150781596e-06
8000,Colorado,109,13621,338,metal_machinery,1140434.235,3158335.088,1.278195375596299e-06
8000,Colorado,110,16290,680,metal_products,781591.6691,3158335.088,4.4873698967287995e-06
8000,Colorado,111,130506,217,mineral,346305.5571,3158335.088,2.5892414258701123e-05
8000,Colorado,113,36822,32,paper,1453345.662,3158335.088,2.5670257676901215e-07
8000,Colorado,114,24843,2680,petrochemicals,1451592.993,3158335.088,1.4522312068921468e-05
8000,Colorado,116,16260060,155,services,86920501.63,3158335.088,9.180649618406704e-06
8000,Colorado,117,27396,39,textiles,351605.6418,3158335.088,9.62138790205743e-07
8000,Colorado,118,9620,17,utilities,797323.46,3158335.088,6.494283532873244e-08
8000,Colorado,119,217513,115,vehicles_other,610364.6973,3158335.088,1.2975838956335052e-05
9000,Connecticut,101,17717,0,agriculture,1080677.841,2226662.431,0.0
9000,Connecticut,102,23415,37229,automotive,566138.6104,2226662.431,0.0006915098597701293
9000,Connecticut,103,247410,23,construction,5359624.691,2226662.431,4.768220433372896e-07
9000,Connecticut,104,94882,13451,electronics,1495060.882,2226662.431,0.00038337619543599356
9000,Connecticut,105,339258,1136,food,1483030.717,2226662.431,0.00011670887987209473
9000,Connecticut,106,10091,21,furniture,710651.4812,2226662.431,1.3391907894717857e-07
9000,Connecticut,107,348712,32862,manufacturing_other,245234.5955,2226662.431,0.020985763095218917
9000,Connecticut,109,14422,338,metal_machinery,1140434.235,2226662.431,1.919630156358587e-06
9000,Connecticut,110,30255,680,metal_products,781591.6691,2226662.431,1.1821477683827615e-05
9000,Connecticut,111,9769,217,mineral,346305.5571,2226662.431,2.7491345834658404e-06
9000,Connecticut,113,21847,32,paper,1453345.662,2226662.431,2.1603219917440633e-07
9000,Connecticut,114,23211,2680,petrochemicals,1451592.993,2226662.431,1.9245508962532286e-05
9000,Connecticut,116,10384773,155,services,86920501.63,2226662.431,8.316720382990251e-06
9000,Connecticut,117,21974,39,textiles,351605.6418,2226662.431,1.0946203316068293e-06
9000,Connecticut,118,6668,17,utilities,797323.46,2226662.431,6.384921882765187e-08
9000,Connecticut,119,150760,115,vehicles_other,610364.6973,2226662.431,1.275675400440865e-05
10000,Delaware,101,6911,0,agriculture,1080677.841,504638.908,0.0
10000,Delaware,102,7630,37229,automotive,566138.6104,504638.908,0.0009942655739178792
10000,Delaware,103,66179,23,construction,5359624.691,504638.908,5.627725751970017e-07
10000,Delaware,104,16724,13451,electronics,1495060.882,504638.908,0.0002981639418262205
10000,Delaware,105,104812,1136,food,1483030.717,504638.908,0.00015909570714961265
10000,Delaware,106,2993,21,furniture,710651.4812,504638.908,1.7526234334792897e-07
10000,Delaware,107,58038,32862,manufacturing_other,245234.5955,504638.908,0.015411466303501806
10000,Delaware,109,779,338,metal_machinery,1140434.235,504638.908,4.575127273743556e-07
10000,Delaware,110,1687,680,metal_products,781591.6691,504638.908,2.908461650514143e-06
10000,Delaware,111,1173,217,mineral,346305.5571,504638.908,1.4565236924583765e-06
10000,Delaware,113,3267,32,paper,1453345.662,504638.908,1.4254417089391372e-07
10000,Delaware,114,6918,2680,petrochemicals,1451592.993,504638.908,2.5309860804281043e-05
10000,Delaware,116,2603438,155,services,86920501.63,504638.908,9.1997490706002e-06
10000,Delaware,117,6604,39,textiles,351605.6418,504638.908,1.4515603765088483e-06
10000,Delaware,118,2321,17,utilities,797323.46,504638.908,9.806381557447569e-08
10000,Delaware,119,36140,115,vehicles_other,610364.6973,504638.908,1.349322772683767e-05
11000,District of Columbia,101,82,0,agriculture,1080677.841,364644.138,0.0
11000,District of Columbia,102,231,37229,automotive,566138.6104,364644.138,4.16582805024424e-05
11000,District of Columbia,103,37766,23,construction,5359624.691,364644.138,4.4445235260257913e-07
11000,District of Columbia,104,33695,13451,electronics,1495060.882,364644.138,0.000831365347901096
11000,District of Columbia,105,148037,1136,food,1483030.717,364644.138,0.00031097768354131317
11000,District of Columbia,106,839,21,furniture,710651.4812,364644.138,6.799161447914731e-08
11000,District of Columbia,107,4333,32862,manufacturing_other,245234.5955,364644.138,0.0015923249773663374
11000,District of Columbia,110,68,680,metal_products,781591.6691,364644.138,1.6224400841888133e-07
11000,District of Columbia,111,1288,217,mineral,346305.5571,364644.138,2.2133337171782147e-06
11000,District of Columbia,113,6420,32,paper,1453345.662,364644.138,3.8765630460571803e-07
11000,District of Columbia,114,3071,2680,petrochemicals,1451592.993,364644.138,1.5548930095244726e-05
11000,District of Columbia,116,3875186,155,services,86920501.63,364644.138,1.8951028745231783e-05
11000,District of Columbia,117,3519,39,textiles,351605.6418,364644.138,1.0704313071852314e-06
11000,District of Columbia,118,2199,17,utilities,797323.46,364644.138,1.2857909709961884e-07
11000,District of Columbia,119,25377,115,vehicles_other,610364.6973,364644.138,1.3112318118522616e-05
12000,Florida,101,178947,0,agriculture,1080677.841,10415925.74,0.0
12000,Florida,102,163668,37229,automotive,566138.6104,10415925.74,0.0010332954018395192
12000,Florida,103,1422850,23,construction,5359624.691,10415925.74,5.862119942219161e-07
12000,Florida,104,411360,13451,electronics,1495060.882,10415925.74,0.0003553201842543347
12000,Florida,105,2312604,1136,food,1483030.717,10415925.74,0.00017007151582921858
12000,Florida,106,56402,21,furniture,710651.4812,10415925.74,1.6001447038927612e-07
12000,Florida,107,853765,32862,manufacturing_other,245234.5955,10415925.74,0.010983802792402584
12000,Florida,108,4722,4339,metal_basic,643096.4444,10415925.74,3.0587335696061534e-06
12000,Florida,109,30490,338,metal_machinery,1140434.235,10415925.74,8.675729518913421e-07
12000,Florida,110,40238,680,metal_products,781591.6691,10415925.74,3.360992183246733e-06
12000,Florida,111,76889,217,mineral,346305.5571,10415925.74,4.625584412931344e-06
12000,Florida,113,84858,32,paper,1453345.662,10415925.74,1.793808082284382e-07
12000,Florida,114,117077,2680,petrochemicals,1451592.993,10415925.74,2.0752175970577496e-05
12000,Florida,116,52851574,155,services,86920501.63,10415925.74,9.048352786734762e-06
12000,Florida,117,137818,39,textiles,351605.6418,10415925.74,1.467630877147463e-06
12000,Florida,118,27075,17,utilities,797323.46,10415925.74,5.5422354129963235e-08
12000,Florida,119,862419,115,vehicles_other,610364.6973,10415925.74,1.5600153607580855e-05
13000,Georgia,101,117205,0,agriculture,1080677.841,5521962.21,0.0
13000,Georgia,102,98831,37229,automotive,566138.6104,5521962.21,0.001176950928406764
13000,Georgia,103,667637,23,construction,5359624.691,5521962.21,5.188483304956474e-07
13000,Georgia,104,282462,13451,electronics,1495060.882,5521962.21,0.00046021661521381083
13000,Georgia,105,1080958,1136,food,1483030.717,5521962.21,0.00014994900035252015
13000,Georgia,106,31182,21,furniture,710651.4812,5521962.21,1.6686804052044428e-07
13000,Georgia,107,865201,32862,manufacturing_other,245234.5955,5521962.21,0.020995964863528317
13000,Georgia,108,7426,4339,metal_basic,643096.4444,5521962.21,9.073504446831147e-06
13000,Georgia,109,22306,338,metal_machinery,1140434.235,5521962.21,1.1972220913609253e-06
13000,Georgia,110,30492,680,metal_products,781591.6691,5521962.21,4.8042043484139626e-06
13000,Georgia,111,39057,217,mineral,346305.5571,5521962.21,4.4320609554020495e-06
13000,Georgia,113,81823,32,paper,1453345.662,5521962.21,3.262593962037529e-07
13000,Georgia,114,61209,2680,petrochemicals,1451592.993,5521962.21,2.046500169656391e-05
13000,Georgia,116,26377322,155,services,86920501.63,5521962.21,8.518178664913271e-06
13000,Georgia,117,103080,39,textiles,351605.6418,5521962.21,2.0705692101107682e-06
13000,Georgia,118,22212,17,utilities,797323.46,5521962.21,8.576470798986045e-08
13000,Georgia,119,516912,115,vehicles_other,610364.6973,5521962.21,1.7637280335926755e-05
15000,Hawaii,101,22190,0,agriculture,1080677.841,816180.6,0.0
15000,Hawaii,102,7353,37229,automotive,566138.6104,816180.6,0.0005924297980685955
15000,Hawaii,103,104710,23,construction,5359624.691,816180.6,5.505482020996729e-07
15000,Hawaii,104,21317,13451,electronics,1495060.882,816180.6,0.00023498249556097204
15000,Hawaii,105,248822,1136,food,1483030.717,816180.6,0.00023352355523771867
15000,Hawaii,106,2273,21,furniture,710651.4812,816180.6,8.229544485382916e-08
15000,Hawaii,107,40725,32862,manufacturing_other,245234.5955,816180.6,0.0066863188057154745
15000,Hawaii,110,459,680,metal_products,781591.6691,816180.6,4.892776850124619e-07
15000,Hawaii,111,2493,217,mineral,346305.5571,816180.6,1.913975102236573e-06
15000,Hawaii,113,3607,32,paper,1453345.662,816180.6,9.73062944259534e-08
15000,Hawaii,114,6912,2680,petrochemicals,1451592.993,816180.6,1.563534226693578e-05
15000,Hawaii,116,4000018,155,services,86920501.63,816180.6,8.739471130617861e-06
15000,Hawaii,117,14315,39,textiles,351605.6418,816180.6,1.9454221513185674e-06
15000,Hawaii,118,4518,17,utilities,797323.46,816180.6,1.1802508925600002e-07
15000,Hawaii,119,65081,115,vehicles_other,610364.6973,816180.6,1.5023682033431813e-05
16000,Idaho,101,76025,0,agriculture,1080677.841,940549.2,0.0
16000,Idaho,102,14164,37229,automotive,566138.6104,940549.2,0.000990291373789711
16000,Idaho,103,135057,23,construction,5359624.691,940549.2,6.16210418816653e-07
16000,Idaho,104,36897,13451,electronics,1495060.882,940549.2,0.0003529435358024266
16000,Idaho,105,168092,1136,food,1483030.717,940549.2,0.00013689693072144974
16000,Idaho,106,4611,21,furniture,710651.4812,940549.2,1.4486925709613176e-07
16000,Idaho,107,147410,32862,manufacturing_other,245234.5955,940549.2,0.021001856299742366
16000,Idaho,108,783,4339,metal_basic,643096.4444,940549.2,5.616862407571646e-06
16000,Idaho,109,3493,338,metal_machinery,1140434.235,940549.2,1.1006862000755022e-06
16000,Idaho,110,6675,680,metal_products,781591.6691,940549.2,6.174456605738412e-06
16000,Idaho,111,12389,217,mineral,346305.5571,940549.2,8.253820271145269e-06
16000,Idaho,113,13680,32,paper,1453345.662,940549.2,3.2024741928939646e-07
16000,Idaho,114,7732,2680,petrochemicals,1451592.993,940549.2,1.5177500570647437e-05
16000,Idaho,116,4235311,155,services,86920501.63,940549.2,8.029957782327704e-06
16000,Idaho,117,6254,39,textiles,351605.6418,940549.2,7.375392383932595e-07
16000,Idaho,118,3428,17,utilities,797323.46,940549.2,7.770942107662586e-08
16000,Idaho,119,53886,115,vehicles_other,610364.6973,940549.2,1.0794508238273963e-05
17000,Illinois,101,148703,0,agriculture,1080677.841,7698379.2,0.0
17000,Illinois,102,114766,37229,automotive,566138.6104,7698379.2,0.0009803305621463268
17000,Illinois,103,724681,23,construction,5359624.691,7698379.2,4.039624824652115e-07
17000,Illinois,104,285031,13451,electronics,1495060.882,7698379.2,0.0003331106296752311
17000,Illinois,105,1299567,1136,food,1483030.717,7698379.2,0.0001293086448581252
17000,Illinois,106,33757,21,furniture,710651.4812,7698379.2,1.295767770272707e-07
17000,Illinois,107,1274039,32862,manufacturing_other,245234.5955,7698379.2,0.022176636497556638
17000,Illinois,108,18373,4339,metal_basic,643096.4444,7698379.2,1.6102537430624996e-05
17000,Illinois,109,73765,338,metal_machinery,1140434.235,7698379.2,2.839863733613535e-06
17000,Illinois,110,91599,680,metal_products,781591.6691,7698379.2,1.0351908487796496e-05
17000,Illinois,111,71271,217,mineral,346305.5571,7698379.2,5.801146407927041e-06
17000,Illinois,113,88927,32,paper,1453345.662,7698379.2,2.543404302854416e-07
17000,Illinois,114,103363,2680,petrochemicals,1451592.993,7698379.2,2.478881334108055e-05
17000,Illinois,116,34415179,155,services,86920501.63,7698379.2,7.971869992800422e-06
17000,Illinois,117,70294,39,textiles,351605.6418,7698379.2,1.0128094144613885e-06
17000,Illinois,118,26142,17,utilities,797323.46,7698379.2,7.240255456548306e-08
17000,Illinois,119,778468,115,vehicles_other,610364.6973,7698379.2,1.905240914657398e-05
18000,Indiana,101,119703,0,agriculture,1080677.841,3890281.2,0.0
18000,Indiana,102,163891,37229,automotive,566138.6104,3890281.2,0.002770337667291126
18000,Indiana,103,429069,23,construction,5359624.691,3890281.2,4.7330337414016854e-07
18000,Indiana,104,105307,13451,electronics,1495060.882,3890281.2,0.00024354091902828407
18000,Indiana,105,655579,1136,food,1483030.717,3890281.2,0.0001290839433411598
18000,Indiana,106,35781,21,furniture,710651.4812,3890281.2,2.7179039743372797e-07
18000,Indiana,107,1152995,32862,manufacturing_other,245234.5955,3890281.2,0.03971537652776467
18000,Indiana,108,41763,4339,metal_basic,643096.4444,3890281.2,7.243095901209413e-05
18000,Indiana,109,44011,338,metal_machinery,1140434.235,3890281.2,3.3529470598361107e-06
18000,Indiana,110,60400,680,metal_products,781591.6691,3890281.2,1.3507809751388736e-05
18000,Indiana,111,40220,217,mineral,346305.5571,3890281.2,6.4783043167152984e-06
18000,Indiana,113,54247,32,paper,1453345.662,3890281.2,3.070264497864579e-07
18000,Indiana,114,55383,2680,petrochemicals,1451592.993,3890281.2,2.6283634148991357e-05
18000,Indiana,116,16435617,155,services,86920501.63,3890281.2,7.533807029732849e-06
18000,Indiana,117,29534,39,textiles,351605.6418,3890281.2,8.420735925240438e-07
18000,Indiana,118,14587,17,utilities,797323.46,3890281.2,7.994648375995158e-08
18000,Indiana,119,329817,115,vehicles_other,610364.6973,3890281.2,1.5973514352696503e-05
19000,Iowa,101,175984,0,agriculture,1080677.841,2034965.14,0.0
19000,Iowa,102,25482,37229,automotive,566138.6104,2034965.14,0.0008234460180015595
19000,Iowa,103,259710,23,construction,5359624.691,2034965.14,5.476778225496919e-07
19000,Iowa,104,69355,13451,electronics,1495060.882,2034965.14,0.0003066313085912751
19000,Iowa,105,361376,1136,food,1483030.717,2034965.14,0.000136028690579135
19000,Iowa,106,12248,21,furniture,710651.4812,2034965.14,1.7785694689760591e-07
19000,Iowa,107,454372,32862,manufacturing_other,245234.5955,2034965.14,0.0299203618585843
19000,Iowa,108,7046,4339,metal_basic,643096.4444,2034965.14,2.336141834428404e-05
19000,Iowa,109,38706,338,metal_machinery,1140434.235,2034965.14,5.6372561955142615e-06
19000,Iowa,110,21052,680,metal_products,781591.6691,2034965.14,9.000473933612819e-06
19000,Iowa,111,15790,217,mineral,346305.5571,2034965.14,4.8621172681805256e-06
19000,Iowa,113,29573,32,paper,1453345.662,2034965.14,3.1997752069029097e-07
19000,Iowa,114,22735,2680,petrochemicals,1451592.993,2034965.14,2.0626612768813682e-05
19000,Iowa,116,8755309,155,services,86920501.63,2034965.14,7.672271773933016e-06
19000,Iowa,117,13640,39,textiles,351605.6418,2034965.14,7.434746555153655e-07
19000,Iowa,118,7108,17,utilities,797323.46,2034965.14,7.447402459406407e-08
19000,Iowa,119,154354,115,vehicles_other,610364.6973,2034965.14,1.4291221428375392e-05
20000,Kansas,101,124317,0,agriculture,1080677.841,1857379.818,0.0
20000,Kansas,102,21453,37229,automotive,566138.6104,1857379.818,0.0007595317042043805
20000,Kansas,103,200457,23,construction,5359624.691,1857379.818,4.631417806725598e-07
20000,Kansas,104,55903,13451,electronics,1495060.882,1857379.818,0.0002707884190357281
20000,Kansas,105,304250,1136,food,1483030.717,1857379.818,0.00012547524422043852
20000,Kansas,106,10179,21,furniture,710651.4812,1857379.818,1.6194480513415257e-07
20000,Kansas,107,353370,32862,manufacturing_other,245234.5955,1857379.818,0.02549418946388834
20000,Kansas,108,1793,4339,metal_basic,643096.4444,1857379.818,6.51318042563648e-06
20000,Kansas,109,19142,338,metal_machinery,1140434.235,1857379.818,3.0544501656840626e-06
20000,Kansas,110,16395,680,metal_products,781591.6691,1857379.818,7.679619272191926e-06
20000,Kansas,111,102458,217,mineral,346305.5571,1857379.818,3.456570546944995e-05
20000,Kansas,113,17010,32,paper,1453345.662,1857379.818,2.0164369684805993e-07
20000,Kansas,114,18685,2680,petrochemicals,1451592.993,1857379.818,1.8573010780195374e-05
20000,Kansas,116,8251713,155,services,86920501.63,1857379.818,7.922328862999449e-06
20000,Kansas,117,13784,39,textiles,351605.6418,1857379.818,8.231582100662409e-07
20000,Kansas,118,7133,17,utilities,797323.46,1857379.818,8.188151705264066e-08
20000,Kansas,119,157071,115,vehicles_other,610364.6973,1857379.818,1.593322614121341e-05
21000,Kentucky,101,162330,0,agriculture,1080677.841,2412688.052,0.0
21000,Kentucky,102,92617,37229,automotive,566138.6104,2412688.052,0.0025243416459441426
21000,Kentucky,103,274982,23,construction,5359624.691,2412688.052,4.890987463691869e-07
21000,Kentucky,104,71613,13451,electronics,1495060.882,2412688.052,0.0002670461912810995
21000,Kentucky,105,436832,1136,food,1483030.717,2412688.052,0.00013868882107855376
21000,Kentucky,106,10249,21,furniture,710651.4812,2412688.052,1.2552867617316244e-07
21000,Kentucky,107,536556,32862,manufacturing_other,245234.5955,2412688.052,0.0298006774546642
21000,Kentucky,108,11801,4339,metal_basic,643096.4444,2412688.052,3.3001309911032856e-05
21000,Kentucky,109,21003,338,metal_machinery,1140434.235,2412688.052,2.580041033285364e-06
21000,Kentucky,110,21869,680,metal_products,781591.6691,2412688.052,7.88599944417362e-06
21000,Kentucky,111,49046,217,mineral,346305.5571,2412688.052,1.2738042497613858e-05
21000,Kentucky,113,36591,32,paper,1453345.662,2412688.052,3.339290213403063e-07
21000,Kentucky,114,31538,2680,petrochemicals,1451592.993,2412688.052,2.4133644228565416e-05
21000,Kentucky,116,10614929,155,services,86920501.63,2412688.052,7.845586125530273e-06
21000,Kentucky,117,20096,39,textiles,351605.6418,2412688.052,9.238835203161551e-07
21000,Kentucky,118,7207,17,utilities,797323.46,2412688.052,6.368948354027261e-08
21000,Kentucky,119,235932,115,vehicles_other,610364.6973,2412688.052,1.842443205902517e-05
22000,Louisiana,101,74502,0,agriculture,1080677.841,2552288.436,0.0
22000,Louisiana,102,32938,37229,automotive,566138.6104,2552288.436,0.0008486450233303305
22000,Louisiana,103,417360,23,construction,5359624.691,2552288.436,7.017372454581566e-07
22000,Louisiana,104,65775,13451,electronics,1495060.882,2552288.436,0.00023186051613123507
22000,Louisiana,105,505378,1136,food,1483030.717,2552288.436,0.00015167526578145
22000,Louisiana,106,8899,21,furniture,710651.4812,2552288.436,1.0303246332679618e-07
22000,Louisiana,107,313124,32862,manufacturing_other,245234.5955,2552288.436,0.016439888141966067
22000,Louisiana,108,3374,4339,metal_basic,643096.4444,2552288.436,8.919260887690215e-06
22000,Louisiana,109,14061,338,metal_machinery,1140434.235,2552288.436,1.6327996917520072e-06
22000,Louisiana,110,19001,680,metal_products,781591.6691,2552288.436,6.4770268331527194e-06
22000,Louisiana,111,147338,217,mineral,346305.5571,2552288.436,3.6173063502198475e-05
22000,Louisiana,113,22761,32,paper,1453345.662,2552288.436,1.9635530790479457e-07
22000,Louisiana,114,46514,2680,petrochemicals,1451592.993,2552288.436,3.3646807746164175e-05
22000,Louisiana,116,11840919,155,services,86920501.63,2552288.436,8.273040142768734e-06
22000,Louisiana,117,24073,39,textiles,351605.6418,2552288.436,1.0461867973704345e-06
22000,Louisiana,118,9195,17,utilities,797323.46,2552288.436,7.681328869781928e-08
22000,Louisiana,119,176286,115,vehicles_other,610364.6973,2552288.436,1.3013571558765347e-05
23000,Maine,101,33109,0,agriculture,1080677.841,799673.322,0.0
23000,Maine,102,11520,37229,automotive,566138.6104,799673.322,0.0009473238420628759
23000,Maine,103,115352,23,construction,5359624.691,799673.322,6.190218487112885e-07
23000,Maine,104,21223,13451,electronics,1495060.882,799673.322,0.0002387755536030154
23000,Maine,105,151859,1136,food,1483030.717,799673.322,0.00014546419670495998
23000,Maine,106,3558,21,furniture,710651.4812,799673.322,1.314788707089377e-07
23000,Maine,107,118062,32862,manufacturing_other,245234.5955,799673.322,0.01978380319317369
23000,Maine,109,2426,338,metal_machinery,1140434.235,799673.322,8.991344608713713e-07
23000,Maine,110,5231,680,metal_products,781591.6691,799673.322,5.69116403549964e-06
23000,Maine,111,3210,217,mineral,346305.5571,799673.322,2.515316837002601e-06
23000,Maine,113,15363,32,paper,1453345.662,799673.322,4.2300400812518135e-07
23000,Maine,114,7243,2680,petrochemicals,1451592.993,799673.322,1.6722292218852198e-05
23000,Maine,116,3660000,155,services,86920501.63,799673.322,8.161649719119221e-06
23000,Maine,117,9839,39,textiles,351605.6418,799673.322,1.3647312140547575e-06
23000,Maine,118,1969,17,utilities,797323.46,799673.322,5.249857159554285e-08
23000,Maine,119,51339,115,vehicles_other,610364.6973,799673.322,1.2096040466708293e-05
24000,Maryland,101,36355,0,agriculture,1080677.841,3585375.792,0.0
24000,Maryland,102,41159,37229,automotive,566138.6104,3585375.792,0.0007548987896166805
24000,Maryland,103,496929,23,construction,5359624.691,3585375.792,5.947755636243158e-07
24000,Maryland,104,121432,13451,electronics,1495060.882,3585375.792,0.00030471522938137517
24000,Maryland,105,584878,1136,food,1483030.717,3585375.792,0.00012495648180163512
24000,Maryland,106,15445,21,furniture,710651.4812,3585375.792,1.2729632325380605e-07
24000,Maryland,107,243074,32862,manufacturing_other,245234.5955,3585375.792,0.009084814848381863
24000,Maryland,108,1004,4339,metal_basic,643096.4444,3585375.792,1.889350673029796e-06
24000,Maryland,109,6898,338,metal_machinery,1140434.235,3585375.792,5.702101746004455e-07
24000,Maryland,110,8447,680,metal_products,781591.6691,3585375.792,2.049730688448229e-06
24000,Maryland,111,14303,217,mineral,346305.5571,3585375.792,2.4997278568171443e-06
24000,Maryland,113,27774,32,paper,1453345.662,3585375.792,1.7056299325638149e-07
24000,Maryland,114,35167,2680,petrochemicals,1451592.993,3585375.792,1.8108837452406135e-05
24000,Maryland,116,16418032,155,services,86920501.63,3585375.792,8.165746437362413e-06
24000,Maryland,117,33377,39,textiles,351605.6418,3585375.792,1.032574483673185e-06
24000,Maryland,118,11722,17,utilities,797323.46,3585375.792,6.970780599751344e-08
24000,Maryland,119,247820,115,vehicles_other,610364.6973,3585375.792,1.3022971930688731e-05
25000,Massachusetts,101,27642,0,agriculture,1080677.841,3961315.545,0.0
25000,Massachusetts,102,41686,37229,automotive,566138.6104,3961315.545,0.000692005238803735
25000,Massachusetts,103,524920,23,construction,5359624.691,3961315.545,5.686527435157939e-07
25000,Massachusetts,104,234980,13451,electronics,1495060.882,3961315.545,0.0005336876531726114
25000,Massachusetts,105,783043,1136,food,1483030.717,3961315.545,0.00015141690273197256
25000,Massachusetts,106,15919,21,furniture,710651.4812,3961315.545,1.1875146434629327e-07
25000,Massachusetts,107,558090,32862,manufacturing_other,245234.5955,3961315.545,0.018878916140199802
25000,Massachusetts,108,2816,4339,metal_basic,643096.4444,3961315.545,4.796304575896765e-06
25000,Massachusetts,109,17509,338,metal_machinery,1140434.235,3961315.545,1.3099911411904593e-06
25000,Massachusetts,110,33214,680,metal_products,781591.6691,3961315.545,7.294755400228991e-06
25000,Massachusetts,111,14170,217,mineral,346305.5571,3961315.545,2.241458411259272e-06
25000,Massachusetts,113,71168,32,paper,1453345.662,3961315.545,3.9557276471785207e-07
25000,Massachusetts,114,47838,2680,petrochemicals,1451592.993,3961315.545,2.229582295715228e-05
25000,Massachusetts,116,21056116,155,services,86920501.63,3961315.545,9.478689574690199e-06
25000,Massachusetts,117,48864,39,textiles,351605.6418,3961315.545,1.3682276073159748e-06
25000,Massachusetts,118,13424,17,utilities,797323.46,3961315.545,7.225316635029616e-08
25000,Massachusetts,119,296976,115,vehicles_other,610364.6973,3961315.545,1.4125061548591078e-05
26000,Michigan,101,127445,0,agriculture,1080677.841,5327281.96,0.0
26000,Michigan,102,242716,37229,automotive,566138.6104,5327281.96,0.0029960656058374427
26000,Michigan,103,566297,23,construction,5359624.691,5327281.96,4.56175581387452e-07
26000,Michigan,104,175630,13451,electronics,1495060.882,5327281.96,0.00029661199646927847
26000,Michigan,105,929194,1136,food,1483030.717,5327281.96,0.0001336069033344008
26000,Michigan,106,37827,21,furniture,710651.4812,5327281.96,2.0982577944573823e-07
26000,Michigan,107,1326433,32862,manufacturing_other,245234.5955,5327281.96,0.03336505839459406
26000,Michigan,108,22306,4339,metal_basic,643096.4444,5327281.96,2.825072229417304e-05
26000,Michigan,109,74988,338,metal_machinery,1140434.235,5327281.96,4.171887046440818e-06
26000,Michigan,110,83391,680,metal_products,781591.6691,5327281.96,1.3618914373150146e-05
26000,Michigan,111,52986,217,mineral,346305.5571,5327281.96,6.232405825156404e-06
26000,Michigan,113,61323,32,paper,1453345.662,5327281.96,2.534537779016572e-07
26000,Michigan,114,69329,2680,petrochemicals,1451592.993,5327281.96,2.4026979804028097e-05
26000,Michigan,116,24436340,155,services,86920501.63,5327281.96,8.179748480838202e-06
26000,Michigan,117,45193,39,textiles,351605.6418,5327281.96,9.409667122136612e-07
26000,Michigan,118,21214,17,utilities,797323.46,5327281.96,8.490460769326745e-08
26000,Michigan,119,321706,115,vehicles_other,610364.6973,5327281.96,1.1377894722016055e-05
27000,Minnesota,101,151884,0,agriculture,1080677.841,3543021.9,0.0
27000,Minnesota,102,37896,37229,automotive,566138.6104,3543021.9,0.0007033607528105227
27000,Minnesota,103,379874,23,construction,5359624.691,3543021.9,4.601073700302623e-07
27000,Minnesota,104,160087,13451,electronics,1495060.882,3543021.9,0.00040651626210089177
27000,Minnesota,105,580428,1136,food,1483030.717,3543021.9,0.00012548814600713397
27000,Minnesota,106,20742,21,furniture,710651.4812,3543021.9,1.7299733873324294e-07
27000,Minnesota,107,715403,32862,manufacturing_other,245234.5955,3543021.9,0.027057593943650794
27000,Minnesota,108,6266,4339,metal_basic,643096.4444,3543021.9,1.1932462974499853e-05
27000,Minnesota,109,34134,338,metal_machinery,1140434.235,3543021.9,2.8553529670486815e-06
27000,Minnesota,110,43865,680,metal_products,781591.6691,3543021.9,1.0771428127973178e-05
27000,Minnesota,111,33091,217,mineral,346305.5571,3543021.9,5.852431349580571e-06
27000,Minnesota,113,68452,32,paper,1453345.662,3543021.9,4.2539596339762316e-07
27000,Minnesota,114,32602,2680,petrochemicals,1451592.993,3543021.9,1.698870742786088e-05
27000,Minnesota,116,16129936,155,services,86920501.63,3543021.9,8.118359548197278e-06
27000,Minnesota,117,30618,39,textiles,351605.6418,3543021.9,9.585433396646498e-07
27000,Minnesota,118,13620,17,utilities,797323.46,3543021.9,8.196296290262159e-08
27000,Minnesota,119,246508,115,vehicles_other,610364.6973,3543021.9,1.3108880819469075e-05
28000,Mississippi,101,85010,0,agriculture,1080677.841,1578602.004,0.0
28000,Mississippi,102,20883,37229,automotive,566138.6104,1578602.004,0.0008699190371837761
28000,Mississippi,103,180983,23,construction,5359624.691,1578602.004,4.919926218135979e-07
28000,Mississippi,104,39549,13451,electronics,1495060.882,1578602.004,0.00022540240796890308
28000,Mississippi,105,309099,1136,food,1483030.717,1578602.004,0.0001499868330799573
28000,Mississippi,106,23430,21,furniture,710651.4812,1578602.004,4.3859357762676183e-07
28000,Mississippi,107,307796,32862,manufacturing_other,245234.5955,1578602.004,0.026127783970507877
28000,Mississippi,108,3620,4339,metal_basic,643096.4444,1578602.004,1.547210708012646e-05
28000,Mississippi,109,12236,338,metal_machinery,1140434.235,1578602.004,2.2972765146584874e-06
28000,Mississippi,110,10425,680,metal_products,781591.6691,1578602.004,5.745560537629843e-06
28000,Mississippi,111,35463,217,mineral,346305.5571,1578602.004,1.4076772616220136e-05
28000,Mississippi,113,18615,32,paper,1453345.662,1578602.004,2.596399102954649e-07
28000,Mississippi,114,18002,2680,petrochemicals,1451592.993,1578602.004,2.1054165790377973e-05
28000,Mississippi,116,6853852,155,services,86920501.63,1578602.004,7.742327651792997e-06
28000,Mississippi,117,17081,39,textiles,351605.6418,1578602.004,1.2001883721398e-06
28000,Mississippi,118,8645,17,utilities,797323.46,1578602.004,1.167633983532766e-07
28000,Mississippi,119,124445,115,vehicles_other,610364.6973,1578602.004,1.485296767738257e-05
29000,Missouri,101,199602,0,agriculture,1080677.841,3593356.2,0.0
29000,Missouri,102,72638,37229,automotive,566138.6104,3593356.2,0.0013292975502324342
29000,Missouri,103,414805,23,construction,5359624.691,3593356.2,4.95378518155337e-07
29000,Missouri,104,133986,13451,electronics,1495060.882,3593356.2,0.0003354708942915548
29000,Missouri,105,646403,1136,food,1483030.717,3593356.2,0.0001377943081356031
29000,Missouri,106,17156,21,furniture,710651.4812,3593356.2,1.4108420552932491e-07
29000,Missouri,107,584284,32862,manufacturing_other,245234.5955,3593356.2,0.021788933766872652
29000,Missouri,108,6951,4339,metal_basic,643096.4444,3593356.2,1.3051503987428533e-05
29000,Missouri,109,26804,338,metal_machinery,1140434.235,3593356.2,2.2107813573568974e-06
29000,Missouri,110,30331,680,metal_products,781591.6691,3593356.2,7.3437088480539395e-06
29000,Missouri,111,27910,217,mineral,346305.5571,3593356.2,4.866983118644499e-06
29000,Missouri,113,40806,32,paper,1453345.662,3593356.2,2.500373083449993e-07
29000,Missouri,114,43675,2680,petrochemicals,1451592.993,3593356.2,2.2439985642932018e-05
29000,Missouri,116,16079042,155,services,86920501.63,3593356.2,7.979384154096259e-06
29000,Missouri,117,30248,39,textiles,351605.6418,3593356.2,9.336952867169922e-07
29000,Missouri,118,12605,17,utilities,797323.46,3593356.2,7.479231206860805e-08
29000,Missouri,119,245037,115,vehicles_other,610364.6973,3593356.2,1.2848127290091072e-05
30000,Montana,101,61492,0,agriculture,1080677.841,593649.0,0.0
30000,Montana,102,9454,37229,automotive,566138.6104,593649.0,0.0010472357359612844
30000,Montana,103,99368,23,construction,5359624.691,593649.0,7.183072750948305e-07
30000,Montana,104,16923,13451,electronics,1495060.882,593649.0,0.0002564739781505761
30000,Montana,105,131618,1136,food,1483030.717,593649.0,0.00016982973488130872
30000,Montana,106,3420,21,furniture,710651.4812,593649.0,1.7023897456600627e-07
30000,Montana,107,53302,32862,manufacturing_other,245234.5955,593649.0,0.012031672975313294
30000,Montana,108,231,4339,metal_basic,643096.4444,593649.0,2.625401814246404e-06
30000,Montana,109,1293,338,metal_machinery,1140434.235,593649.0,6.455282287052467e-07
30000,Montana,110,3029,680,metal_products,781591.6691,593649.0,4.439136749205404e-06
30000,Montana,111,27111,217,mineral,346305.5571,593649.0,2.8616470628014944e-05
30000,Montana,113,6641,32,paper,1453345.662,593649.0,2.463115625572692e-07
30000,Montana,114,4102,2680,petrochemicals,1451592.993,593649.0,1.2757214162805606e-05
30000,Montana,116,2890876,155,services,86920501.63,593649.0,8.68378769711919e-06
30000,Montana,117,3986,39,textiles,351605.6418,593649.0,7.447599699736233e-07
30000,Montana,118,3291,17,utilities,797323.46,593649.0,1.1819865111059033e-07
30000,Montana,119,31756,115,vehicles_other,610364.6973,593649.0,1.0078699259982727e-05
31000,Nebraska,101,105093,0,agriculture,1080677.841,1236432.857,0.0
31000,Nebraska,102,15799,37229,automotive,566138.6104,1236432.857,0.0008402676774961877
31000,Nebraska,103,159913,23,construction,5359624.691,1236432.857,5.5501751695318e-07
31000,Nebraska,104,44229,13451,electronics,1495060.882,1236432.857,0.00032183426235379706
31000,Nebraska,105,222846,1136,food,1483030.717,1236432.857,0.00013805829022312774
31000,Nebraska,106,4392,21,furniture,710651.4812,1236432.857,1.0496739590897491e-07
31000,Nebraska,107,212159,32862,manufacturing_other,245234.5955,1236432.857,0.02299339907228619
31000,Nebraska,108,1204,4339,metal_basic,643096.4444,1236432.857,6.570062351249978e-06
31000,Nebraska,109,9482,338,metal_machinery,1140434.235,1236432.857,2.272876653729502e-06
31000,Nebraska,110,8686,680,metal_products,781591.6691,1236432.857,6.111928690904255e-06
31000,Nebraska,111,10505,217,mineral,346305.5571,1236432.857,5.323849776409155e-06
31000,Nebraska,113,13665,32,paper,1453345.662,1236432.857,2.4334372860091236e-07
31000,Nebraska,114,14202,2680,petrochemicals,1451592.993,1236432.857,2.120649535388651e-05
31000,Nebraska,116,5604635,155,services,86920501.63,1236432.857,8.083254844411011e-06
31000,Nebraska,117,9091,39,textiles,351605.6418,1236432.857,8.155486858060724e-07
31000,Nebraska,118,1420,17,utilities,797323.46,1236432.857,2.448680854012328e-08
31000,Nebraska,119,123595,115,vehicles_other,610364.6973,1236432.857,1.88338365932827e-05
32000,Nevada,101,9729,0,agriculture,1080677.841,1539314.07,0.0
32000,Nevada,102,18948,37229,automotive,566138.6104,1539314.07,0.0008094587710772267
32000,Nevada,103,195822,23,construction,5359624.691,1539314.07,5.459183589642791e-07
32000,Nevada,104,46752,13451,electronics,1495060.882,1539314.07,0.00027325533481245654
32000,Nevada,105,681746,1136,food,1483030.717,1539314.07,0.00033925288100560756
32000,Nevada,106,6674,21,furniture,710651.4812,1539314.07,1.2812137546672402e-07
32000,Nevada,107,111353,32862,manufacturing_other,245234.5955,1539314.07,0.009693641133357776
32000,Nevada,108,1292,4339,metal_basic,643096.4444,1539314.07,5.663029400309192e-06
32000,Nevada,109,2043,338,metal_machinery,1140434.235,1539314.07,3.9335763289650577e-07
32000,Nevada,110,6060,680,metal_products,781591.6691,1539314.07,3.4251088363504623e-06
32000,Nevada,111,42930,217,mineral,346305.5571,1539314.07,1.747567352041203e-05
32000,Nevada,113,9985,32,paper,1453345.662,1539314.07,1.4282422949863325e-07
32000,Nevada,114,13293,2680,petrochemicals,1451592.993,1539314.07,1.594357454210019e-05
32000,Nevada,116,7476697,155,services,86920501.63,1539314.07,8.661478185637763e-06
32000,Nevada,117,23933,39,textiles,351605.6418,1539314.07,1.7245614494780743e-06
32000,Nevada,118,4602,17,utilities,797323.46,1539314.07,6.374318415827529e-08
32000,Nevada,119,167582,115,vehicles_other,610364.6973,1539314.07,2.051202626118022e-05
33000,New Hampshire,101,11161,0,agriculture,1080677.841,866237.26,0.0
33000,New Hampshire,102,14611,37229,automotive,566138.6104,866237.26,0.0011091790974683924
33000,New Hampshire,103,115543,23,construction,5359624.691,866237.26,5.724008051717038e-07
33000,New Hampshire,104,47651,13451,electronics,1495060.882,866237.26,0.0004949152693382709
33000,New Hampshire,105,153646,1136,food,1483030.717,866237.26,0.00013586656104871078
33000,New Hampshire,106,4187,21,furniture,710651.4812,866237.26,1.4283305645944688e-07
33000,New Hampshire,107,158249,32862,manufacturing_other,245234.5955,866237.26,0.024480279315347183
33000,New Hampshire,108,2386,4339,metal_basic,643096.4444,866237.26,1.8584339075271865e-05
33000,New Hampshire,109,7262,338,metal_machinery,1140434.235,866237.26,2.484653535205246e-06
33000,New Hampshire,110,12125,680,metal_products,781591.6691,866237.26,1.2177941345648167e-05
33000,New Hampshire,111,5690,217,mineral,346305.5571,866237.26,4.116002967699379e-06
33000,New Hampshire,113,11777,32,paper,1453345.662,866237.26,2.9934973245913513e-07
33000,New Hampshire,114,7270,2680,petrochemicals,1451592.993,866237.26,1.5494853746911685e-05
33000,New Hampshire,116,3866700,155,services,86920501.63,866237.26,7.960000447957579e-06
33000,New Hampshire,117,10492,39,textiles,351605.6418,866237.26,1.343476869106388e-06
33000,New Hampshire,118,2547,17,utilities,797323.46,866237.26,6.269118272220602e-08
33000,New Hampshire,119,37748,115,vehicles_other,610364.6973,866237.26,8.210422758324339e-06
34000,New Jersey,101,35487,0,agriculture,1080677.841,5257552.612,0.0
34000,New Jersey,102,54131,37229,automotive,566138.6104,5257552.612,0.0006770504314144209
34000,New Jersey,103,533591,23,construction,5359624.691,5257552.612,4.3553025072881117e-07
34000,New Jersey,104,208278,13451,electronics,1495060.882,5257552.612,0.0003564145833233904
34000,New Jersey,105,833693,1136,food,1483030.717,5257552.612,0.00012146487642991245
34000,New Jersey,106,23590,21,furniture,710651.4812,5257552.612,1.3258883134952136e-07
34000,New Jersey,107,558230,32862,manufacturing_other,245234.5955,5257552.612,0.014227932618359916
34000,New Jersey,108,4667,4339,metal_basic,643096.4444,5257552.612,5.9891848211196104e-06
34000,New Jersey,109,14535,338,metal_machinery,1140434.235,5257552.612,8.193658571530163e-07
34000,New Jersey,110,21453,680,metal_products,781591.6691,5257552.612,3.5500412261766747e-06
34000,New Jersey,111,19406,217,mineral,346305.5571,5257552.612,2.3128777217766474e-06
34000,New Jersey,113,52799,32,paper,1453345.662,5257552.612,2.211175071276826e-07
34000,New Jersey,114,87568,2680,petrochemicals,1451592.993,5257552.612,3.075046832089443e-05
34000,New Jersey,116,24370740,155,services,86920501.63,5257552.612,8.265984055614289e-06
34000,New Jersey,117,69418,39,textiles,351605.6418,5257552.612,1.4645265243589332e-06
34000,New Jersey,118,16839,17,utilities,797323.46,5257552.612,6.828841744735124e-08
34000,New Jersey,119,485168,115,vehicles_other,610364.6973,5257552.612,1.7386691766027835e-05
35000,New Mexico,101,56340,0,agriculture,1080677.841,1171672.851,0.0
35000,New Mexico,102,14366,37229,automotive,566138.6104,1171672.851,0.0008062840923988131
35000,New Mexico,103,127957,23,construction,5359624.691,1171672.851,4.686527170552525e-07
35000,New Mexico,104,37580,13451,electronics,1495060.882,1171672.851,0.0002885666270124573
35000,New Mexico,105,208068,1136,food,1483030.717,1171672.851,0.00013602762350887711
35000,New Mexico,106,3336,21,furniture,710651.4812,1171672.851,8.413608587730007e-08
35000,New Mexico,107,71544,32862,manufacturing_other,245234.5955,1171672.851,0.008182369840434817
35000,New Mexico,108,464,4339,metal_basic,643096.4444,1171672.851,2.6719304868749313e-06
35000,New Mexico,109,1184,338,metal_machinery,1140434.235,1171672.851,2.9949652635878383e-07
35000,New Mexico,110,3273,680,metal_products,781591.6691,1171672.851,2.4303489235375957e-06
35000,New Mexico,111,66065,217,mineral,346305.5571,1171672.851,3.5331766009601654e-05
35000,New Mexico,113,5872,32,paper,1453345.662,1171672.851,1.1034705313245725e-07
35000,New Mexico,114,7625,2680,petrochemicals,1451592.993,1171672.851,1.2014989952500254e-05
35000,New Mexico,116,4784130,155,services,86920501.63,1171672.851,7.281252293508602e-06
35000,New Mexico,117,7896,39,textiles,351605.6418,1171672.851,7.474971560699244e-07
35000,New Mexico,118,4809,17,utilities,797323.46,1171672.851,8.751102864993828e-08
35000,New Mexico,119,45769,115,vehicles_other,610364.6973,1171672.851,7.359926723589982e-06
36000,New York,101,97879,0,agriculture,1080677.841,11064896.24,0.0
36000,New York,102,102150,37229,automotive,566138.6104,11064896.24,0.000607085166609421
36000,New York,103,1152472,23,construction,5359624.691,11064896.24,4.469680640824027e-07
36000,New York,104,659792,13451,electronics,1495060.882,11064896.24,0.000536482295034539
36000,New York,105,1941617,1136,food,1483030.717,11064896.24,0.00013441396897440213
36000,New York,106,47059,21,furniture,710651.4812,11064896.24,1.2567762866043627e-07
36000,New York,107,1038895,32862,manufacturing_other,245234.5955,11064896.24,0.012581620028896458
36000,New York,108,10454,4339,metal_basic,643096.4444,11064896.24,6.374537667471511e-06
36000,New York,109,41504,338,metal_machinery,1140434.235,11064896.24,1.1117037302713098e-06
36000,New York,110,52502,680,metal_products,781591.6691,11064896.24,4.12816923521651e-06
36000,New York,111,49665,217,mineral,346305.5571,11064896.24,2.8125701760844693e-06
36000,New York,113,128410,32,paper,1453345.662,11064896.24,2.5552450750164297e-07
36000,New York,114,138686,2680,petrochemicals,1451592.993,11064896.24,2.3140631552622033e-05
36000,New York,116,55572988,155,services,86920501.63,11064896.24,8.956243170927532e-06
36000,New York,117,170518,39,textiles,351605.6418,11064896.24,1.7093525981030628e-06
36000,New York,118,43122,17,utilities,797323.46,11064896.24,8.309328490760437e-08
36000,New York,119,828901,115,vehicles_other,610364.6973,11064896.24,1.4114443238957463e-05
37000,North Carolina,101,132401,0,agriculture,1080677.841,5349405.963,0.0
37000,North Carolina,102,102329,37229,automotive,566138.6104,5349405.963,0.0012579163699603837
37000,North Carolina,103,712100,23,construction,5359624.691,5349405.963,5.712535146970754e-07
37000,North Carolina,104,232139,13451,electronics,1495060.882,5349405.963,0.0003904255637699372
37000,North Carolina,105,1043706,1136,food,1483030.717,5349405.963,0.0001494516821710441
37000,North Carolina,106,56864,21,furniture,710651.4812,5349405.963,3.1411919645362093e-07
37000,North Carolina,107,1032286,32862,manufacturing_other,245234.5955,5349405.963,0.025858702798500006
37000,North Carolina,108,7806,4339,metal_basic,643096.4444,5349405.963,9.845471767901894e-06
37000,North Carolina,109,34700,338,metal_machinery,1140434.235,5349405.963,1.9225178091460115e-06
37000,North Carolina,110,39328,680,metal_products,781591.6691,5349405.963,6.396248009051757e-06
37000,North Carolina,111,34129,217,mineral,346305.5571,5349405.963,3.99777436755051e-06
37000,North Carolina,113,77475,32,paper,1453345.662,5349405.963,3.188871999244812e-07
37000,North Carolina,114,83244,2680,petrochemicals,1451592.993,5349405.963,2.873011166439401e-05
37000,North Carolina,116,25586443,155,services,86920501.63,5349405.963,8.52930867140148e-06
37000,North Carolina,117,89986,39,textiles,351605.6418,5349405.963,1.8658561646203813e-06
37000,North Carolina,118,16318,17,utilities,797323.46,5349405.963,6.503928375959404e-08
37000,North Carolina,119,324264,115,vehicles_other,610364.6973,5349405.963,1.1420933739968855e-05
38000,North Dakota,101,57013,0,agriculture,1080677.841,469468.518,0.0
38000,North Dakota,102,7515,37229,automotive,566138.6104,469468.518,0.001052643000331778
38000,North Dakota,103,87752,23,construction,5359624.691,469468.518,8.021286084214209e-07
38000,North Dakota,104,15182,13451,electronics,1495060.882,469468.518,0.0002909498965248792
38000,North Dakota,105,88160,1136,food,1483030.717,469468.518,0.00014384451034503786
38000,North Dakota,106,2612,21,furniture,710651.4812,469468.518,1.64410415714538e-07
38000,North Dakota,107,54844,32862,manufacturing_other,245234.5955,469468.518,0.015654345064623456
38000,North Dakota,109,5233,338,metal_machinery,1140434.235,469468.518,3.3036247772830094e-06
38000,North Dakota,110,2043,680,metal_products,781591.6691,469468.518,3.78608956350361e-06
38000,North Dakota,111,47898,217,mineral,346305.5571,469468.518,6.393095302440339e-05
38000,North Dakota,113,5969,32,paper,1453345.662,469468.518,2.7994722330229425e-07
38000,North Dakota,114,3654,2680,petrochemicals,1451592.993,469468.518,1.4369842218625904e-05
38000,North Dakota,116,2421514,155,services,86920501.63,469468.518,9.197927543417585e-06
38000,North Dakota,117,3833,39,textiles,351605.6418,469468.518,9.056098069757805e-07
38000,North Dakota,118,4031,17,utilities,797323.46,469468.518,1.830714842136415e-07
38000,North Dakota,119,42114,115,vehicles_other,610364.6973,469468.518,1.6901624630500053e-05
39000,Ohio,101,177076,0,agriculture,1080677.841,6921902.4,0.0
39000,Ohio,102,191579,37229,automotive,566138.6104,6921902.4,0.0018200403944419355
39000,Ohio,103,718247,23,construction,5359624.691,6921902.4,4.4528883522013205e-07
39000,Ohio,104,214766,13451,electronics,1495060.882,6921902.4,0.0002791487911144528
39000,Ohio,105,1190533,1136,food,1483030.717,6921902.4,0.00013174803654931774
39000,Ohio,106,33019,21,furniture,710651.4812,6921902.4,1.4096168226341361e-07
39000,Ohio,107,1520825,32862,manufacturing_other,245234.5955,6921902.4,0.029441913094731747
39000,Ohio,108,37237,4339,metal_basic,643096.4444,6921902.4,3.629633336714526e-05
39000,Ohio,109,79640,338,metal_machinery,1140434.235,6921902.4,3.409983159704293e-06
39000,Ohio,110,101901,680,metal_products,781591.6691,6921902.4,1.2808019073193593e-05
39000,Ohio,111,98255,217,mineral,346305.5571,6921902.4,8.894662254110366e-06
39000,Ohio,113,87863,32,paper,1453345.662,6921902.4,2.794870025944529e-07
39000,Ohio,114,88828,2680,petrochemicals,1451592.993,6921902.4,2.3692688436018993e-05
39000,Ohio,116,30213839,155,services,86920501.63,6921902.4,7.78376854467695e-06
39000,Ohio,117,54099,39,textiles,351605.6418,6921902.4,8.669070563610216e-07
39000,Ohio,118,21020,17,utilities,797323.46,6921902.4,6.474729346656983e-08
39000,Ohio,119,520720,115,vehicles_other,610364.6973,6921902.4,1.4173830042751107e-05
40000,Oklahoma,101,160616,0,agriculture,1080677.841,2250810.6,0.0
40000,Oklahoma,102,29931,37229,automotive,566138.6104,2250810.6,0.0008744618583461448
40000,Oklahoma,103,277027,23,construction,5359624.691,2250810.6,5.281734956574385e-07
40000,Oklahoma,104,59783,13451,electronics,1495060.882,2250810.6,0.0002389650828913095
40000,Oklahoma,105,369859,1136,food,1483030.717,2250810.6,0.00012587092517743164
40000,Oklahoma,106,8435,21,furniture,710651.4812,2250810.6,1.1074108247043513e-07
40000,Oklahoma,107,298617,32862,manufacturing_other,245234.5955,2250810.6,0.017778201781218594
40000,Oklahoma,108,3698,4339,metal_basic,643096.4444,2250810.6,1.1085148023555805e-05
40000,Oklahoma,109,26701,338,metal_machinery,1140434.235,2250810.6,3.515887977768947e-06
40000,Oklahoma,110,22894,680,metal_products,781591.6691,2250810.6,8.849357042086812e-06
40000,Oklahoma,111,274495,217,mineral,346305.5571,2250810.6,7.641801624034144e-05
40000,Oklahoma,113,15363,32,paper,1453345.662,2250810.6,1.5028586607721625e-07
40000,Oklahoma,114,18196,2680,petrochemicals,1451592.993,2250810.6,1.4925431901295302e-05
40000,Oklahoma,116,9855750,155,services,86920501.63,2250810.6,7.808366707233137e-06
40000,Oklahoma,117,16692,39,textiles,351605.6418,2250810.6,8.225800952003468e-07
40000,Oklahoma,118,12226,17,utilities,797323.46,2250810.6,1.1581366846301008e-07
40000,Oklahoma,119,132733,115,vehicles_other,610364.6973,2250810.6,1.1110878340471148e-05
41000,Oregon,101,127173,0,agriculture,1080677.841,2298644.4,0.0
41000,Oregon,102,28064,37229,automotive,566138.6104,2298644.4,0.0008028536327828939
41000,Oregon,103,267620,23,construction,5359624.691,2298644.4,4.996204797170856e-07
41000,Oregon,104,114242,13451,electronics,1495060.882,2298644.4,0.0004471463609938075
41000,Oregon,105,462889,1136,food,1483030.717,2298644.4,0.00015425287038465233
41000,Oregon,106,14138,21,furniture,710651.4812,2298644.4,1.8175183962781079e-07
41000,Oregon,107,430326,32862,manufacturing_other,245234.5955,2298644.4,0.025086383103267215
41000,Oregon,108,8308,4339,metal_basic,643096.4444,2298644.4,2.4385869109029005e-05
41000,Oregon,109,13318,338,metal_machinery,1140434.235,2298644.4,1.7171715070381156e-06
41000,Oregon,110,17574,680,metal_products,781591.6691,2298644.4,6.651625996138952e-06
41000,Oregon,111,15976,217,mineral,346305.5571,2298644.4,4.355083978838421e-06
41000,Oregon,113,52397,32,paper,1453345.662,2298644.4,5.018982605996463e-07
41000,Oregon,114,15574,2680,petrochemicals,1451592.993,2298644.4,1.2508876653308937e-05
41000,Oregon,116,10637095,155,services,86920501.63,2298644.4,8.252028532309682e-06
41000,Oregon,117,22414,39,textiles,351605.6418,2298644.4,1.0815742731781479e-06
41000,Oregon,118,5128,17,utilities,797323.46,2298644.4,4.756533984097567e-08
41000,Oregon,119,146585,115,vehicles_other,610364.6973,2298644.4,1.2015066363126672e-05
42000,Pennsylvania,101,147438,0,agriculture,1080677.841,7621427.4,0.0
42000,Pennsylvania,102,88522,37229,automotive,566138.6104,7621427.4,0.0007637891712532
42000,Pennsylvania,103,810720,23,construction,5359624.691,7621427.4,4.564865929452221e-07
42000,Pennsylvania,104,250248,13451,electronics,1495060.882,7621427.4,0.0002954132649497078
42000,Pennsylvania,105,1230455,1136,food,1483030.717,7621427.4,0.00012366807577548765
42000,Pennsylvania,106,36854,21,furniture,710651.4812,7621427.4,1.428929965311705e-07
42000,Pennsylvania,107,1257459,32862,manufacturing_other,245234.5955,7621427.4,0.022109034194001707
42000,Pennsylvania,108,35670,4339,metal_basic,643096.4444,7621427.4,3.157768833609174e-05
42000,Pennsylvania,109,45810,338,metal_machinery,1140434.235,7621427.4,1.7814368390547028e-06
42000,Pennsylvania,110,82183,680,metal_products,781591.6691,7621427.4,9.381551451672607e-06
42000,Pennsylvania,111,118881,217,mineral,346305.5571,7621427.4,9.774091623189106e-06
42000,Pennsylvania,113,104941,32,paper,1453345.662,7621427.4,3.0317259493742377e-07
42000,Pennsylvania,114,92635,2680,petrochemicals,1451592.993,7621427.4,2.2440303157965466e-05
42000,Pennsylvania,116,33364680,155,services,86920501.63,7621427.4,7.806567532838765e-06
42000,Pennsylvania,117,68874,39,textiles,351605.6418,7621427.4,1.002369310082742e-06
42000,Pennsylvania,118,26849,17,utilities,797323.46,7621427.4,7.511145529143964e-08
42000,Pennsylvania,119,640920,115,vehicles_other,610364.6973,7621427.4,1.58444052124544e-05
44000,Rhode Island,101,3929,0,agriculture,1080677.841,633645.334,0.0
44000,Rhode Island,102,6412,37229,automotive,566138.6104,633645.334,0.0006654353508839956
44000,Rhode Island,103,65284,23,construction,5359624.691,633645.334,4.4213405948358277e-07
44000,Rhode Island,104,23163,13451,electronics,1495060.882,633645.334,0.00032888514686101565
44000,Rhode Island,105,119124,1136,food,1483030.717,633645.334,0.0001440062070522545
44000,Rhode Island,106,2810,21,furniture,710651.4812,633645.334,1.310456797429374e-07
44000,Rhode Island,107,94354,32862,manufacturing_other,245234.5955,633645.334,0.01995383284409985
44000,Rhode Island,109,2090,338,metal_machinery,1140434.235,633645.334,9.775669248673766e-07
44000,Rhode Island,110,5186,680,metal_products,781591.6691,633645.334,7.1205782325239965e-06
44000,Rhode Island,111,1139,217,mineral,346305.5571,633645.334,1.1263613926291645e-06
44000,Rhode Island,113,5367,32,paper,1453345.662,633645.334,1.8649466550376054e-07
44000,Rhode Island,114,8448,2680,petrochemicals,1451592.993,633645.334,2.4614872745369265e-05
44000,Rhode Island,116,2812969,155,services,86920501.63,633645.334,7.916408183153478e-06
44000,Rhode Island,117,5788,39,textiles,351605.6418,633645.334,1.0131903697458146e-06
44000,Rhode Island,118,1717,17,utilities,797323.46,633645.334,5.77747975901717e-08
44000,Rhode Island,119,35947,115,vehicles_other,610364.6973,633645.334,1.0688698924454431e-05
45000,South Carolina,101,62112,0,agriculture,1080677.841,2520823.38,0.0
45000,South Carolina,102,64016,37229,automotive,566138.6104,2520823.38,0.0016699547836565552
45000,South Carolina,103,322516,23,construction,5359624.691,2520823.38,5.49037873127691e-07
45000,South Carolina,104,85484,13451,electronics,1495060.882,2520823.38,0.0003050971225914213
45000,South Carolina,105,537913,1136,food,1483030.717,2520823.38,0.00016345484836500864
45000,South Carolina,106,10922,21,furniture,710651.4812,2520823.38,1.280331360377791e-07
45000,South Carolina,107,526441,32862,manufacturing_other,245234.5955,2520823.38,0.027984628246796574
45000,South Carolina,108,5696,4339,metal_basic,643096.4444,2520823.38,1.5245480056381866e-05
45000,South Carolina,109,22096,338,metal_machinery,1140434.235,2520823.38,2.59787169027109e-06
45000,South Carolina,110,29216,680,metal_products,781591.6691,2520823.38,1.0083407734771137e-05
45000,South Carolina,111,17067,217,mineral,346305.5571,2520823.38,4.2424335003981e-06
45000,South Carolina,113,35343,32,paper,1453345.662,2520823.38,3.0870385454117815e-07
45000,South Carolina,114,40105,2680,petrochemicals,1451592.993,2520823.38,2.9372846344144896e-05
45000,South Carolina,116,11831097,155,services,86920501.63,2520823.38,8.369356569798367e-06
45000,South Carolina,117,43779,39,textiles,351605.6418,2520823.38,1.9263366655214085e-06
45000,South Carolina,118,13172,17,utilities,797323.46,2520823.38,1.1140987386694393e-07
45000,South Carolina,119,177619,115,vehicles_other,610364.6973,2520823.38,1.3275639058721335e-05
46000,South Dakota,101,62844,0,agriculture,1080677.841,550385.68,0.0
46000,South Dakota,102,8600,37229,automotive,566138.6104,550385.68,0.0010275191430769864
46000,South Dakota,103,76322,23,construction,5359624.691,550385.68,5.950809852958889e-07
46000,South Dakota,104,16330,13451,electronics,1495060.882,550385.68,0.0002669406743037994
46000,South Dakota,105,108600,1136,food,1483030.717,550385.68,0.0001511439905512898
46000,South Dakota,106,4312,21,furniture,710651.4812,550385.68,2.3151239911492628e-07
46000,South Dakota,107,96132,32862,manufacturing_other,245234.5955,550385.68,0.023405240426431013
46000,South Dakota,108,703,4339,metal_basic,643096.4444,550385.68,8.617905765233391e-06
46000,South Dakota,109,6884,338,metal_machinery,1140434.235,550385.68,3.70697954872557e-06
46000,South Dakota,110,4196,680,metal_products,781591.6691,550385.68,6.632806759707178e-06
46000,South Dakota,111,7612,217,mineral,346305.5571,550385.68,8.666264242945775e-06
46000,South Dakota,113,6343,32,paper,1453345.662,550385.68,2.5375151579396575e-07
46000,South Dakota,114,3827,2680,petrochemicals,1451592.993,550385.68,1.2837523962463932e-05
46000,South Dakota,116,2555060,155,services,86920501.63,550385.68,8.278343659540598e-06
46000,South Dakota,117,3928,39,textiles,351605.6418,550385.68,7.916133783600877e-07
46000,South Dakota,118,2202,17,utilities,797323.46,550385.68,8.530305154282676e-08
46000,South Dakota,119,30505,115,vehicles_other,610364.6973,550385.68,1.0442688831109697e-05
47000,Tennessee,101,149608,0,agriculture,1080677.841,3566511.01,0.0
47000,Tennessee,102,118646,37229,automotive,566138.6104,3566511.01,0.002187601076245583
47000,Tennessee,103,453779,23,construction,5359624.691,3566511.01,5.460020603240082e-07
47000,Tennessee,104,139334,13451,electronics,1495060.882,3566511.01,0.00035148697029795025
47000,Tennessee,105,719524,1136,food,1483030.717,3566511.01,0.0001545360831692241
47000,Tennessee,106,21801,21,furniture,710651.4812,3566511.01,1.8063232627658584e-07
47000,Tennessee,107,762162,32862,manufacturing_other,245234.5955,3566511.01,0.02863623894449255
47000,Tennessee,108,10697,4339,metal_basic,643096.4444,3566511.01,2.0236340040920305e-05
47000,Tennessee,109,26409,338,metal_machinery,1140434.235,3566511.01,2.1945973061470944e-06
47000,Tennessee,110,37297,680,metal_products,781591.6691,3566511.01,9.098280512012254e-06
47000,Tennessee,111,33390,217,mineral,346305.5571,3566511.01,5.866419602952109e-06
47000,Tennessee,113,51691,32,paper,1453345.662,3566511.01,3.1911882527339586e-07
47000,Tennessee,114,55043,2680,petrochemicals,1451592.993,3566511.01,2.8493674447431673e-05
47000,Tennessee,116,17219155,155,services,86920501.63,3566511.01,8.609496235850476e-06
47000,Tennessee,117,41504,39,textiles,351605.6418,3566511.01,1.2907887075105163e-06
47000,Tennessee,118,4333,17,utilities,797323.46,3566511.01,2.5903562632446128e-08
47000,Tennessee,119,349495,115,vehicles_other,610364.6973,3566511.01,1.8463151427395863e-05
48000,Texas,101,564824,0,agriculture,1080677.841,15213064.41,0.0
48000,Texas,102,248873,37229,automotive,566138.6104,15213064.41,0.0010757706101104298
48000,Texas,103,2352943,23,construction,5359624.691,15213064.41,6.637249742866446e-07
48000,Texas,104,613671,13451,electronics,1495060.882,15213064.41,0.00036292308237775796
48000,Texas,105,2890466,1136,food,1483030.717,15213064.41,0.0001455389864812891
48000,Texas,106,74276,21,furniture,710651.4812,15213064.41,1.4427611280083648e-07
48000,Texas,107,1954770,32862,manufacturing_other,245234.5955,15213064.41,0.017218337490343058
48000,Texas,108,20998,4339,metal_basic,643096.4444,15213064.41,9.312681907994543e-06
48000,Texas,109,95183,338,metal_machinery,1140434.235,15213064.41,1.854339028692736e-06
48000,Texas,110,126236,680,metal_products,781591.6691,15213064.41,7.219307021103905e-06
48000,Texas,111,1023408,217,mineral,346305.5571,15213064.41,4.2153377396205095e-05
48000,Texas,113,125425,32,paper,1453345.662,15213064.41,1.815300241130635e-07
48000,Texas,114,181595,2680,petrochemicals,1451592.993,15213064.41,2.203825041033446e-05
48000,Texas,116,73161630,155,services,86920501.63,15213064.41,8.575829595786103e-06
48000,Texas,117,162655,39,textiles,351605.6418,15213064.41,1.185931175745283e-06
48000,Texas,118,59951,17,utilities,797323.46,15213064.41,8.402221113849331e-08
48000,Texas,119,1344376,115,vehicles_other,610364.6973,15213064.41,1.66499326259744e-05
49000,Utah,101,40907,0,agriculture,1080677.841,1738483.665,0.0
49000,Utah,102,29529,37229,automotive,566138.6104,1738483.665,0.001116957688150343
49000,Utah,103,251564,23,construction,5359624.691,1738483.665,6.209710221071774e-07
49000,Utah,104,91193,13451,electronics,1495060.882,1738483.665,0.0004719397769913722
49000,Utah,105,291702,1136,food,1483030.717,1738483.665,0.00012852777147750221
49000,Utah,106,13025,21,furniture,710651.4812,1738483.665,2.2139598809300063e-07
49000,Utah,107,299641,32862,manufacturing_other,245234.5955,1738483.665,0.02309632479289825
49000,Utah,108,4107,4339,metal_basic,643096.4444,1738483.665,1.593924074390677e-05
49000,Utah,109,6072,338,metal_machinery,1140434.235,1738483.665,1.0351602880725247e-06
49000,Utah,110,14742,680,metal_products,781591.6691,1738483.665,7.377594541916837e-06
49000,Utah,111,34026,217,mineral,346305.5571,1738483.665,1.2264237623331978e-05
49000,Utah,113,25511,32,paper,1453345.662,1738483.665,3.2310072167481214e-07
49000,Utah,114,20243,2680,petrochemicals,1451592.993,1738483.665,2.14978085848741e-05
49000,Utah,116,8552775,155,services,86920501.63,1738483.665,8.772955104598617e-06
49000,Utah,117,17058,39,textiles,351605.6418,1738483.665,1.0883442012865497e-06
49000,Utah,118,4944,17,utilities,797323.46,1738483.665,6.063483866938643e-08
49000,Utah,119,133905,115,vehicles_other,610364.6973,1738483.665,1.4512245384836481e-05
50000,Vermont,101,19436,0,agriculture,1080677.841,414866.283,0.0
50000,Vermont,102,5604,37229,automotive,566138.6104,414866.283,0.0008882773384553211
50000,Vermont,103,62122,23,construction,5359624.691,414866.283,6.425852401455829e-07
50000,Vermont,104,16497,13451,electronics,1495060.882,414866.283,0.00035776061497027174
50000,Vermont,105,88427,1136,food,1483030.717,414866.283,0.00016326945233774147
50000,Vermont,106,2762,21,furniture,710651.4812,414866.283,1.9673342967184513e-07
50000,Vermont,107,71686,32862,manufacturing_other,245234.5955,414866.283,0.02315466288585643
50000,Vermont,109,2971,338,metal_machinery,1140434.235,414866.283,2.122467093682639e-06
50000,Vermont,110,2057,680,metal_products,781591.6691,414866.283,4.3137516902426216e-06
50000,Vermont,111,3545,217,mineral,346305.5571,414866.283,5.35436992271852e-06
50000,Vermont,113,6694,32,paper,1453345.662,414866.283,3.5527007476346026e-07
50000,Vermont,114,3795,2680,petrochemicals,1451592.993,414866.283,1.688859693172422e-05
50000,Vermont,116,1894731,155,services,86920501.63,414866.283,8.144208707601118e-06
50000,Vermont,117,3347,39,textiles,351605.6418,414866.283,8.948625722215186e-07
50000,Vermont,118,1688,17,utilities,797323.46,414866.283,8.675183715137492e-08
50000,Vermont,119,18522,115,vehicles_other,610364.6973,414866.283,8.411785182451226e-06
51000,Virginia,101,103701,0,agriculture,1080677.841,5128656.384,0.0
51000,Virginia,102,59433,37229,automotive,566138.6104,5128656.384,0.0007620485592904266
51000,Virginia,103,596212,23,construction,5359624.691,5128656.384,4.988736517189249e-07
51000,Virginia,104,181648,13451,electronics,1495060.882,5128656.384,0.00031865644896831576
51000,Virginia,105,860215,1136,food,1483030.717,5128656.384,0.00012847883610372812
51000,Virginia,106,25572,21,furniture,710651.4812,5128656.384,1.473410370498193e-07
51000,Virginia,107,521913,32862,manufacturing_other,245234.5955,5128656.384,0.013636620882986346
51000,Virginia,108,4024,4339,metal_basic,643096.4444,5128656.384,5.293804650149383e-06
51000,Virginia,109,15592,338,metal_machinery,1140434.235,5128656.384,9.01041258526358e-07
51000,Virginia,110,18949,680,metal_products,781591.6691,5128656.384,3.2144870775304323e-06
51000,Virginia,111,35384,217,mineral,346305.5571,5128656.384,4.323182774447263e-06
51000,Virginia,113,53442,32,paper,1453345.662,5128656.384,2.294352588904582e-07
51000,Virginia,114,44676,2680,petrochemicals,1451592.993,5128656.384,1.6082761088857627e-05
51000,Virginia,116,22718853,155,services,86920501.63,5128656.384,7.899366665817082e-06
51000,Virginia,117,47611,39,textiles,351605.6418,5128656.384,1.0297041726012642e-06
51000,Virginia,118,12016,17,utilities,797323.46,5128656.384,4.99540490189881e-08
51000,Virginia,119,319649,115,vehicles_other,610364.6973,5128656.384,1.1742976213350645e-05
53000,Washington,101,158612,0,agriculture,1080677.841,4088520.32,0.0
53000,Washington,102,46107,37229,automotive,566138.6104,4088520.32,0.0007415822069468843
53000,Washington,103,520154,23,construction,5359624.691,4088520.32,5.459580059268247e-07
53000,Washington,104,234252,13451,electronics,1495060.882,4088520.32,0.0005154812123436184
53000,Washington,105,709153,1136,food,1483030.717,4088520.32,0.00013286236199000576
53000,Washington,106,18911,21,furniture,710651.4812,4088520.32,1.3668188615413344e-07
53000,Washington,107,651081,32862,manufacturing_other,245234.5955,4088520.32,0.0213393465341017
53000,Washington,108,5107,4339,metal_basic,643096.4444,4088520.32,8.427780947290345e-06
53000,Washington,109,16501,338,metal_machinery,1140434.235,4088520.32,1.1961635327046183e-06
53000,Washington,110,22032,680,metal_products,781591.6691,4088520.32,4.688314675409011e-06
53000,Washington,111,29764,217,mineral,346305.5571,4088520.32,4.561686219183556e-06
53000,Washington,113,99197,32,paper,1453345.662,4088520.32,5.342117512963603e-07
53000,Washington,114,28991,2680,petrochemicals,1451592.993,4088520.32,1.3091426333861669e-05
53000,Washington,116,18737677,155,services,86920501.63,4088520.32,8.172577768235114e-06
53000,Washington,117,32654,39,textiles,351605.6418,4088520.32,8.858883690907719e-07
53000,Washington,118,5568,17,utilities,797323.46,4088520.32,2.903671251210716e-08
53000,Washington,119,251718,115,vehicles_other,610364.6973,4088520.32,1.1599961441115452e-05
54000,West Virginia,101,47807,0,agriculture,1080677.841,904261.072,0.0
54000,West Virginia,102,13502,37229,automotive,566138.6104,904261.072,0.0009818900630198177
54000,West Virginia,103,95523,23,construction,5359624.691,904261.072,4.5332281321236643e-07
54000,West Virginia,104,22080,13451,electronics,1495060.882,904261.072,0.00021968526495348012
54000,West Virginia,105,158668,1136,food,1483030.717,904261.072,0.00013440756011007403
54000,West Virginia,106,3462,21,furniture,710651.4812,904261.072,1.1313470730970943e-07
54000,West Virginia,107,105261,32862,manufacturing_other,245234.5955,904261.072,0.015598610409327134
54000,West Virginia,108,4335,4339,metal_basic,643096.4444,904261.072,3.2345123107810576e-05
54000,West Virginia,109,1993,338,metal_machinery,1140434.235,904261.072,6.532206686636657e-07
54000,West Virginia,110,4726,680,metal_products,781591.6691,904261.072,4.547041032406575e-06
54000,West Virginia,111,69985,217,mineral,346305.5571,904261.072,4.849661260885415e-05
54000,West Virginia,113,11174,32,paper,1453345.662,904261.072,2.720795443416993e-07
54000,West Virginia,114,16934,2680,petrochemicals,1451592.993,904261.072,3.4574479538065044e-05
54000,West Virginia,116,3856226,155,services,86920501.63,904261.072,7.604630508493807e-06
54000,West Virginia,117,5712,39,textiles,351605.6418,904261.072,7.006532416340349e-07
54000,West Virginia,118,5434,17,utilities,797323.46,904261.072,1.2812685841416002e-07
54000,West Virginia,119,50226,115,vehicles_other,610364.6973,904261.072,1.0465095381069945e-05
55000,Wisconsin,101,160854,0,agriculture,1080677.841,3594175.152,0.0
55000,Wisconsin,102,43246,37229,automotive,566138.6104,3594175.152,0.0007912346593049035
55000,Wisconsin,103,377266,23,construction,5359624.691,3594175.152,4.5044512063804916e-07
55000,Wisconsin,104,141411,13451,electronics,1495060.882,3594175.152,0.00035398075426260327
55000,Wisconsin,105,644632,1136,food,1483030.717,3594175.152,0.0001373854713271749
55000,Wisconsin,106,25144,21,furniture,710651.4812,3594175.152,2.0672726538542871e-07
55000,Wisconsin,107,1014785,32862,manufacturing_other,245234.5955,3594175.152,0.03783441789310373
55000,Wisconsin,108,16310,4339,metal_basic,643096.4444,3594175.152,3.061739698776661e-05
55000,Wisconsin,109,66981,338,metal_machinery,1140434.235,3594175.152,5.523302686150119e-06
55000,Wisconsin,110,74760,680,metal_products,781591.6691,3594175.152,1.8096685810812753e-05
55000,Wisconsin,111,21601,217,mineral,346305.5571,3594175.152,3.7659529747794498e-06
55000,Wisconsin,113,105745,32,paper,1453345.662,3594175.152,6.478010741383869e-07
55000,Wisconsin,114,38311,2680,petrochemicals,1451592.993,3594175.152,1.967950550934211e-05
55000,Wisconsin,116,15636470,155,services,86920501.63,3594175.152,7.757985305951204e-06
55000,Wisconsin,117,26329,39,textiles,351605.6418,3594175.152,8.125384083636863e-07
55000,Wisconsin,118,10295,17,utilities,797323.46,3594175.152,6.107190853871208e-08
55000,Wisconsin,119,242882,115,vehicles_other,610364.6973,3594175.152,1.2732231507558384e-05
56000,Wyoming,101,27630,0,agriculture,1080677.841,365229.648,0.0
56000,Wyoming,102,4988,37229,automotive,566138.6104,365229.648,0.0008980882541051483
56000,Wyoming,103,61976,23,construction,5359624.691,365229.648,7.282005038163201e-07
56000,Wyoming,104,9585,13451,electronics,1495060.882,365229.648,0.00023611402617706656
56000,Wyoming,105,77002,1136,food,1483030.717,365229.648,0.00016149689085387105
56000,Wyoming,106,1225,21,furniture,710651.4812,365229.648,9.911347272209025e-08
56000,Wyoming,107,25413,32862,manufacturing_other,245234.5955,365229.648,0.00932399788868139
56000,Wyoming,108,120,4339,metal_basic,643096.4444,365229.648,2.2168114861434425e-06
56000,Wyoming,109,681,338,metal_machinery,1140434.235,365229.648,5.526211998169859e-07
56000,Wyoming,110,1579,680,metal_products,781591.6691,365229.648,3.761361685318145e-06
56000,Wyoming,111,54259,217,mineral,346305.5571,365229.648,9.309064381125644e-05
56000,Wyoming,113,2301,32,paper,1453345.662,365229.648,1.3871762787767398e-07
56000,Wyoming,114,3363,2680,petrochemicals,1451592.993,365229.648,1.7000072498523088e-05
56000,Wyoming,116,1700493,155,services,86920501.63,365229.648,8.302679965058422e-06
56000,Wyoming,117,1885,39,textiles,351605.6418,365229.648,5.724718047653226e-07
56000,Wyoming,118,2762,17,utilities,797323.46,365229.648,1.6123971735247668e-07
56000,Wyoming,119,25561,115,vehicles_other,610364.6973,365229.648,1.3186217936659666e-05
