GeoFips,GeoName,deno code,2018 employment by industry,2018 robot data,industry_ifr19,2010 employment by industry,2010employment by state
1000,Alabama,101,94661,23,agriculture,1080677.841,2523700.608
1000,Alabama,102,81283,37905,automotive,566138.6104,2523700.608
1000,Alabama,103,318054,125,construction,5359624.691,2523700.608
1000,Alabama,104,70569,11234,electronics,1495060.882,2523700.608
1000,Alabama,105,472739,2753,food,1483030.717,2523700.608
1000,Alabama,106,18164,55,furniture,710651.4812,2523700.608
1000,Alabama,107,584643,38737,manufacturing_other,245234.5955,2523700.608
1000,Alabama,108,17404,6606,metal_basic,643096.4444,2523700.608
1000,Alabama,109,11366,363,metal_machinery,1140434.235,2523700.608
1000,Alabama,110,27754,1177,metal_products,781591.6691,2523700.608
1000,Alabama,111,26983,399,mineral,346305.5571,2523700.608
1000,Alabama,113,40542,52,paper,1453345.662,2523700.608
1000,Alabama,114,31197,4011,petrochemicals,1451592.993,2523700.608
1000,Alabama,116,11765457,174,services,86920501.63,2523700.608
1000,Alabama,117,33499,32,textiles,351605.6418,2523700.608
1000,Alabama,118,14256,33,utilities,797323.46,2523700.608
1000,Alabama,119,181712,188,vehicles_other,610364.6973,2523700.608
2000,Alaska,101,2916,23,agriculture,1080677.841,455968.302
2000,Alaska,102,4388,37905,automotive,566138.6104,455968.302
2000,Alaska,103,50221,125,construction,5359624.691,455968.302
2000,Alaska,104,13408,11234,electronics,1495060.882,455968.302
2000,Alaska,105,87678,2753,food,1483030.717,455968.302
2000,Alaska,106,868,55,furniture,710651.4812,455968.302
2000,Alaska,107,31831,38737,manufacturing_other,245234.5955,455968.302
2000,Alaska,108,33,6606,metal_basic,643096.4444,455968.302
2000,Alaska,109,128,363,metal_machinery,1140434.235,455968.302
2000,Alaska,110,618,1177,metal_products,781591.6691,455968.302
2000,Alaska,111,30980,399,mineral,346305.5571,455968.302
2000,Alaska,113,1792,52,paper,1453345.662,455968.302
2000,Alaska,114,1727,4011,petrochemicals,1451592.993,455968.302
2000,Alaska,116,1992768,174,services,86920501.63,455968.302
2000,Alaska,117,2629,32,textiles,351605.6418,455968.302
2000,Alaska,118,2322,33,utilities,797323.46,455968.302
2000,Alaska,119,43228,188,vehicles_other,610364.6973,455968.302
4000,Arizona,101,65127,23,agriculture,1080677.841,3637057.673
4000,Arizona,102,54537,37905,automotive,566138.6104,3637057.673
4000,Arizona,103,467378,125,construction,5359624.691,3637057.673
4000,Arizona,104,154338,11234,electronics,1495060.882,3637057.673
4000,Arizona,105,690241,2753,food,1483030.717,3637057.673
4000,Arizona,106,19045,55,furniture,710651.4812,3637057.673
4000,Arizona,107,389765,38737,manufacturing_other,245234.5955,3637057.673
4000,Arizona,108,3917,6606,metal_basic,643096.4444,3637057.673
4000,Arizona,109,8584,363,metal_machinery,1140434.235,3637057.673
4000,Arizona,110,21730,1177,metal_products,781591.6691,3637057.673
4000,Arizona,111,48088,399,mineral,346305.5571,3637057.673
4000,Arizona,113,26688,52,paper,1453345.662,3637057.673
4000,Arizona,114,31964,4011,petrochemicals,1451592.993,3637057.673
4000,Arizona,116,17294099,174,services,86920501.63,3637057.673
4000,Arizona,117,28869,32,textiles,351605.6418,3637057.673
4000,Arizona,118,12802,33,utilities,797323.46,3637057.673
4000,Arizona,119,309522,188,vehicles_other,610364.6973,3637057.673
5000,Arkansas,101,106027,23,agriculture,1080677.841,1635829.998
5000,Arkansas,102,22572,37905,automotive,566138.6104,1635829.998
5000,Arkansas,103,193874,125,construction,5359624.691,1635829.998
5000,Arkansas,104,35539,11234,electronics,1495060.882,1635829.998
5000,Arkansas,105,303569,2753,food,1483030.717,1635829.998
5000,Arkansas,106,8290,55,furniture,710651.4812,1635829.998
5000,Arkansas,107,349299,38737,manufacturing_other,245234.5955,1635829.998
5000,Arkansas,108,8207,6606,metal_basic,643096.4444,1635829.998
5000,Arkansas,109,11820,363,metal_machinery,1140434.235,1635829.998
5000,Arkansas,110,15237,1177,metal_products,781591.6691,1635829.998
5000,Arkansas,111,25175,399,mineral,346305.5571,1635829.998
5000,Arkansas,113,28149,52,paper,1453345.662,1635829.998
5000,Arkansas,114,16682,4011,petrochemicals,1451592.993,1635829.998
5000,Arkansas,116,7118756,174,services,86920501.63,1635829.998
5000,Arkansas,117,13391,32,textiles,351605.6418,1635829.998
5000,Arkansas,118,8072,33,utilities,797323.46,1635829.998
5000,Arkansas,119,138815,188,vehicles_other,610364.6973,1635829.998
6000,California,101,547814,23,agriculture,1080677.841,20973977.23
6000,California,102,263982,37905,automotive,566138.6104,20973977.23
6000,California,103,2538575,125,construction,5359624.691,20973977.23
6000,California,104,1493811,11234,electronics,1495060.882,20973977.23
6000,California,105,4282638,2753,food,1483030.717,20973977.23
6000,California,106,103639,55,furniture,710651.4812,20973977.23
6000,California,107,3013740,38737,manufacturing_other,245234.5955,20973977.23
6000,California,108,18219,6606,metal_basic,643096.4444,20973977.23
6000,California,109,83821,363,metal_machinery,1140434.235,20973977.23
6000,California,110,140247,1177,metal_products,781591.6691,20973977.23
6000,California,111,118250,399,mineral,346305.5571,20973977.23
6000,California,113,230339,52,paper,1453345.662,20973977.23
6000,California,114,230466,4011,petrochemicals,1451592.993,20973977.23
6000,California,116,106800213,174,services,86920501.63,20973977.23
6000,California,117,294266,32,textiles,351605.6418,20973977.23
6000,California,118,60078,33,utilities,797323.46,20973977.23
6000,California,119,2219050,188,vehicles_other,610364.6973,20973977.23
8000,Colorado,101,98055,23,agriculture,1080677.841,3158335.088
8000,Colorado,102,39829,37905,automotive,566138.6104,3158335.088
8000,Colorado,103,551123,125,construction,5359624.691,3158335.088
8000,Colorado,104,188671,11234,electronics,1495060.882,3158335.088
8000,Colorado,105,699073,2753,food,1483030.717,3158335.088
8000,Colorado,106,16236,55,furniture,710651.4812,3158335.088
8000,Colorado,107,352418,38737,manufacturing_other,245234.5955,3158335.088
8000,Colorado,108,2332,6606,metal_basic,643096.4444,3158335.088
8000,Colorado,109,13628,363,metal_machinery,1140434.235,3158335.088
8000,Colorado,110,16676,1177,metal_products,781591.6691,3158335.088
8000,Colorado,111,110435,399,mineral,346305.5571,3158335.088
8000,Colorado,113,37855,52,paper,1453345.662,3158335.088
8000,Colorado,114,26555,4011,petrochemicals,1451592.993,3158335.088
8000,Colorado,116,17095205,174,services,86920501.63,3158335.088
8000,Colorado,117,27378,32,textiles,351605.6418,3158335.088
8000,Colorado,118,8825,33,utilities,797323.46,3158335.088
8000,Colorado,119,270712,188,vehicles_other,610364.6973,3158335.088
9000,Connecticut,101,16897,23,agriculture,1080677.841,2226662.431
9000,Connecticut,102,23978,37905,automotive,566138.6104,2226662.431
9000,Connecticut,103,244397,125,construction,5359624.691,2226662.431
9000,Connecticut,104,92782,11234,electronics,1495060.882,2226662.431
9000,Connecticut,105,344887,2753,food,1483030.717,2226662.431
9000,Connecticut,106,7077,55,furniture,710651.4812,2226662.431
9000,Connecticut,107,356606,38737,manufacturing_other,245234.5955,2226662.431
9000,Connecticut,108,3992,6606,metal_basic,643096.4444,2226662.431
9000,Connecticut,109,13920,363,metal_machinery,1140434.235,2226662.431
9000,Connecticut,110,30701,1177,metal_products,781591.6691,2226662.431
9000,Connecticut,111,6852,399,mineral,346305.5571,2226662.431
9000,Connecticut,113,21348,52,paper,1453345.662,2226662.431
9000,Connecticut,114,23356,4011,petrochemicals,1451592.993,2226662.431
9000,Connecticut,116,10376847,174,services,86920501.63,2226662.431
9000,Connecticut,117,20495,32,textiles,351605.6418,2226662.431
9000,Connecticut,118,5745,33,utilities,797323.46,2226662.431
9000,Connecticut,119,175012,188,vehicles_other,610364.6973,2226662.431
10000,Delaware,101,6307,23,agriculture,1080677.841,504638.908
10000,Delaware,102,7684,37905,automotive,566138.6104,504638.908
10000,Delaware,103,69773,125,construction,5359624.691,504638.908
10000,Delaware,104,15889,11234,electronics,1495060.882,504638.908
10000,Delaware,105,112109,2753,food,1483030.717,504638.908
10000,Delaware,106,3071,55,furniture,710651.4812,504638.908
10000,Delaware,107,60955,38737,manufacturing_other,245234.5955,504638.908
10000,Delaware,109,828,363,metal_machinery,1140434.235,504638.908
10000,Delaware,110,1754,1177,metal_products,781591.6691,504638.908
10000,Delaware,111,865,399,mineral,346305.5571,504638.908
10000,Delaware,113,2219,52,paper,1453345.662,504638.908
10000,Delaware,114,7166,4011,petrochemicals,1451592.993,504638.908
10000,Delaware,116,2690723,174,services,86920501.63,504638.908
10000,Delaware,117,6470,32,textiles,351605.6418,504638.908
10000,Delaware,118,2219,33,utilities,797323.46,504638.908
10000,Delaware,119,37064,188,vehicles_other,610364.6973,504638.908
11000,District of Columbia,101,86,23,agriculture,1080677.841,364644.138
11000,District of Columbia,102,222,37905,automotive,566138.6104,364644.138
11000,District of Columbia,103,38416,125,construction,5359624.691,364644.138
11000,District of Columbia,104,37323,11234,electronics,1495060.882,364644.138
11000,District of Columbia,105,157280,2753,food,1483030.717,364644.138
11000,District of Columbia,106,791,55,furniture,710651.4812,364644.138
11000,District of Columbia,107,4514,38737,manufacturing_other,245234.5955,364644.138
11000,District of Columbia,110,82,1177,metal_products,781591.6691,364644.138
11000,District of Columbia,111,643,399,mineral,346305.5571,364644.138
11000,District of Columbia,113,7162,52,paper,1453345.662,364644.138
11000,District of Columbia,114,3197,4011,petrochemicals,1451592.993,364644.138
11000,District of Columbia,116,3978951,174,services,86920501.63,364644.138
11000,District of Columbia,117,3409,32,textiles,351605.6418,364644.138
11000,District of Columbia,118,2204,33,utilities,797323.46,364644.138
11000,District of Columbia,119,28441,188,vehicles_other,610364.6973,364644.138
12000,Florida,101,180178,23,agriculture,1080677.841,10415925.74
12000,Florida,102,174877,37905,automotive,566138.6104,10415925.74
12000,Florida,103,1641191,125,construction,5359624.691,10415925.74
12000,Florida,104,424377,11234,electronics,1495060.882,10415925.74
12000,Florida,105,2441297,2753,food,1483030.717,10415925.74
12000,Florida,106,59089,55,furniture,710651.4812,10415925.74
12000,Florida,107,895799,38737,manufacturing_other,245234.5955,10415925.74
12000,Florida,108,5441,6606,metal_basic,643096.4444,10415925.74
12000,Florida,109,33132,363,metal_machinery,1140434.235,10415925.74
12000,Florida,110,43205,1177,metal_products,781591.6691,10415925.74
12000,Florida,111,59804,399,mineral,346305.5571,10415925.74
12000,Florida,113,85420,52,paper,1453345.662,10415925.74
12000,Florida,114,120950,4011,petrochemicals,1451592.993,10415925.74
12000,Florida,116,56970679,174,services,86920501.63,10415925.74
12000,Florida,117,139697,32,textiles,351605.6418,10415925.74
12000,Florida,118,25772,33,utilities,797323.46,10415925.74
12000,Florida,119,1051108,188,vehicles_other,610364.6973,10415925.74
13000,Georgia,101,112942,23,agriculture,1080677.841,5521962.21
13000,Georgia,102,103873,37905,automotive,566138.6104,5521962.21
13000,Georgia,103,730115,125,construction,5359624.691,5521962.21
13000,Georgia,104,290232,11234,electronics,1495060.882,5521962.21
13000,Georgia,105,1133733,2753,food,1483030.717,5521962.21
13000,Georgia,106,32593,55,furniture,710651.4812,5521962.21
13000,Georgia,107,909374,38737,manufacturing_other,245234.5955,5521962.21
13000,Georgia,108,8091,6606,metal_basic,643096.4444,5521962.21
13000,Georgia,109,23619,363,metal_machinery,1140434.235,5521962.21
13000,Georgia,110,32987,1177,metal_products,781591.6691,5521962.21
13000,Georgia,111,34835,399,mineral,346305.5571,5521962.21
13000,Georgia,113,85603,52,paper,1453345.662,5521962.21
13000,Georgia,114,65574,4011,petrochemicals,1451592.993,5521962.21
13000,Georgia,116,27804355,174,services,86920501.63,5521962.21
13000,Georgia,117,105245,32,textiles,351605.6418,5521962.21
13000,Georgia,118,20296,33,utilities,797323.46,5521962.21
13000,Georgia,119,651628,188,vehicles_other,610364.6973,5521962.21
15000,Hawaii,101,22406,23,agriculture,1080677.841,816180.6
15000,Hawaii,102,7439,37905,automotive,566138.6104,816180.6
15000,Hawaii,103,101424,125,construction,5359624.691,816180.6
15000,Hawaii,104,21929,11234,electronics,1495060.882,816180.6
15000,Hawaii,105,260291,2753,food,1483030.717,816180.6
15000,Hawaii,106,2264,55,furniture,710651.4812,816180.6
15000,Hawaii,107,39834,38737,manufacturing_other,245234.5955,816180.6
15000,Hawaii,110,448,1177,metal_products,781591.6691,816180.6
15000,Hawaii,111,2117,399,mineral,346305.5571,816180.6
15000,Hawaii,113,3433,52,paper,1453345.662,816180.6
15000,Hawaii,114,7014,4011,petrochemicals,1451592.993,816180.6
15000,Hawaii,116,4039038,174,services,86920501.63,816180.6
15000,Hawaii,117,14165,32,textiles,351605.6418,816180.6
15000,Hawaii,118,4201,33,utilities,797323.46,816180.6
15000,Hawaii,119,73637,188,vehicles_other,610364.6973,816180.6
16000,Idaho,101,77726,23,agriculture,1080677.841,940549.2
16000,Idaho,102,15275,37905,automotive,566138.6104,940549.2
16000,Idaho,103,154863,125,construction,5359624.691,940549.2
16000,Idaho,104,37524,11234,electronics,1495060.882,940549.2
16000,Idaho,105,182019,2753,food,1483030.717,940549.2
16000,Idaho,106,4886,55,furniture,710651.4812,940549.2
16000,Idaho,107,155056,38737,manufacturing_other,245234.5955,940549.2
16000,Idaho,108,598,6606,metal_basic,643096.4444,940549.2
16000,Idaho,109,3748,363,metal_machinery,1140434.235,940549.2
16000,Idaho,110,6666,1177,metal_products,781591.6691,940549.2
16000,Idaho,111,10495,399,mineral,346305.5571,940549.2
16000,Idaho,113,13930,52,paper,1453345.662,940549.2
16000,Idaho,114,8219,4011,petrochemicals,1451592.993,940549.2
16000,Idaho,116,4510544,174,services,86920501.63,940549.2
16000,Idaho,117,6819,32,textiles,351605.6418,940549.2
16000,Idaho,118,3265,33,utilities,797323.46,940549.2
16000,Idaho,119,63835,188,vehicles_other,610364.6973,940549.2
17000,Illinois,101,147092,23,agriculture,1080677.841,7698379.2
17000,Illinois,102,116826,37905,automotive,566138.6104,7698379.2
17000,Illinois,103,727887,125,construction,5359624.691,7698379.2
17000,Illinois,104,274217,11234,electronics,1495060.882,7698379.2
17000,Illinois,105,1333863,2753,food,1483030.717,7698379.2
17000,Illinois,106,33234,55,furniture,710651.4812,7698379.2
17000,Illinois,107,1297195,38737,manufacturing_other,245234.5955,7698379.2
17000,Illinois,108,18818,6606,metal_basic,643096.4444,7698379.2
17000,Illinois,109,75559,363,metal_machinery,1140434.235,7698379.2
17000,Illinois,110,93331,1177,metal_products,781591.6691,7698379.2
17000,Illinois,111,53181,399,mineral,346305.5571,7698379.2
17000,Illinois,113,86661,52,paper,1453345.662,7698379.2
17000,Illinois,114,103002,4011,petrochemicals,1451592.993,7698379.2
17000,Illinois,116,34691274,174,services,86920501.63,7698379.2
17000,Illinois,117,67723,32,textiles,351605.6418,7698379.2
17000,Illinois,118,25569,33,utilities,797323.46,7698379.2
17000,Illinois,119,863046,188,vehicles_other,610364.6973,7698379.2
18000,Indiana,101,124240,23,agriculture,1080677.841,3890281.2
18000,Indiana,102,176460,37905,automotive,566138.6104,3890281.2
18000,Indiana,103,453274,125,construction,5359624.691,3890281.2
18000,Indiana,104,97167,11234,electronics,1495060.882,3890281.2
18000,Indiana,105,661192,2753,food,1483030.717,3890281.2
18000,Indiana,106,36225,55,furniture,710651.4812,3890281.2
18000,Indiana,107,1192760,38737,manufacturing_other,245234.5955,3890281.2
18000,Indiana,108,42149,6606,metal_basic,643096.4444,3890281.2
18000,Indiana,109,45212,363,metal_machinery,1140434.235,3890281.2
18000,Indiana,110,63748,1177,metal_products,781591.6691,3890281.2
18000,Indiana,111,34341,399,mineral,346305.5571,3890281.2
18000,Indiana,113,52377,52,paper,1453345.662,3890281.2
18000,Indiana,114,54610,4011,petrochemicals,1451592.993,3890281.2
18000,Indiana,116,16933000,174,services,86920501.63,3890281.2
18000,Indiana,117,29577,32,textiles,351605.6418,3890281.2
18000,Indiana,118,14375,33,utilities,797323.46,3890281.2
18000,Indiana,119,367749,188,vehicles_other,610364.6973,3890281.2
19000,Iowa,101,174567,23,agriculture,1080677.841,2034965.14
19000,Iowa,102,36681,37905,automotive,566138.6104,2034965.14
19000,Iowa,103,249938,125,construction,5359624.691,2034965.14
19000,Iowa,104,69130,11234,electronics,1495060.882,2034965.14
19000,Iowa,105,366635,2753,food,1483030.717,2034965.14
19000,Iowa,106,12761,55,furniture,710651.4812,2034965.14
19000,Iowa,107,477443,38737,manufacturing_other,245234.5955,2034965.14
19000,Iowa,108,7391,6606,metal_basic,643096.4444,2034965.14
19000,Iowa,109,40495,363,metal_machinery,1140434.235,2034965.14
19000,Iowa,110,21993,1177,metal_products,781591.6691,2034965.14
19000,Iowa,111,13761,399,mineral,346305.5571,2034965.14
19000,Iowa,113,29107,52,paper,1453345.662,2034965.14
19000,Iowa,114,22903,4011,petrochemicals,1451592.993,2034965.14
19000,Iowa,116,8806375,174,services,86920501.63,2034965.14
19000,Iowa,117,13415,32,textiles,351605.6418,2034965.14
19000,Iowa,118,6745,33,utilities,797323.46,2034965.14
19000,Iowa,119,153176,188,vehicles_other,610364.6973,2034965.14
20000,Kansas,101,125474,23,agriculture,1080677.841,1857379.818
20000,Kansas,102,21338,37905,automotive,566138.6104,1857379.818
20000,Kansas,103,200010,125,construction,5359624.691,1857379.818
20000,Kansas,104,52590,11234,electronics,1495060.882,1857379.818
20000,Kansas,105,308913,2753,food,1483030.717,1857379.818
20000,Kansas,106,9847,55,furniture,710651.4812,1857379.818
20000,Kansas,107,361964,38737,manufacturing_other,245234.5955,1857379.818
20000,Kansas,108,1908,6606,metal_basic,643096.4444,1857379.818
20000,Kansas,109,20185,363,metal_machinery,1140434.235,1857379.818
20000,Kansas,110,16870,1177,metal_products,781591.6691,1857379.818
20000,Kansas,111,69488,399,mineral,346305.5571,1857379.818
20000,Kansas,113,18214,52,paper,1453345.662,1857379.818
20000,Kansas,114,19168,4011,petrochemicals,1451592.993,1857379.818
20000,Kansas,116,8298355,174,services,86920501.63,1857379.818
20000,Kansas,117,13471,32,textiles,351605.6418,1857379.818
20000,Kansas,118,6641,33,utilities,797323.46,1857379.818
20000,Kansas,119,144311,188,vehicles_other,610364.6973,1857379.818
21000,Kentucky,101,165745,23,agriculture,1080677.841,2412688.052
21000,Kentucky,102,94168,37905,automotive,566138.6104,2412688.052
21000,Kentucky,103,279040,125,construction,5359624.691,2412688.052
21000,Kentucky,104,69956,11234,electronics,1495060.882,2412688.052
21000,Kentucky,105,445059,2753,food,1483030.717,2412688.052
21000,Kentucky,106,11505,55,furniture,710651.4812,2412688.052
21000,Kentucky,107,544458,38737,manufacturing_other,245234.5955,2412688.052
21000,Kentucky,108,12264,6606,metal_basic,643096.4444,2412688.052
21000,Kentucky,109,21280,363,metal_machinery,1140434.235,2412688.052
21000,Kentucky,110,22719,1177,metal_products,781591.6691,2412688.052
21000,Kentucky,111,39706,399,mineral,346305.5571,2412688.052
21000,Kentucky,113,34941,52,paper,1453345.662,2412688.052
21000,Kentucky,114,33139,4011,petrochemicals,1451592.993,2412688.052
21000,Kentucky,116,10830913,174,services,86920501.63,2412688.052
21000,Kentucky,117,20443,32,textiles,351605.6418,2412688.052
21000,Kentucky,118,7100,33,utilities,797323.46,2412688.052
21000,Kentucky,119,256304,188,vehicles_other,610364.6973,2412688.052
22000,Louisiana,101,74623,23,agriculture,1080677.841,2552288.436
22000,Louisiana,102,32981,37905,automotive,566138.6104,2552288.436
22000,Louisiana,103,447587,125,construction,5359624.691,2552288.436
22000,Louisiana,104,64621,11234,electronics,1495060.882,2552288.436
22000,Louisiana,105,519770,2753,food,1483030.717,2552288.436
22000,Louisiana,106,8701,55,furniture,710651.4812,2552288.436
22000,Louisiana,107,314012,38737,manufacturing_other,245234.5955,2552288.436
22000,Louisiana,108,4187,6606,metal_basic,643096.4444,2552288.436
22000,Louisiana,109,13735,363,metal_machinery,1140434.235,2552288.436
22000,Louisiana,110,18222,1177,metal_products,781591.6691,2552288.436
22000,Louisiana,111,116331,399,mineral,346305.5571,2552288.436
22000,Louisiana,113,22869,52,paper,1453345.662,2552288.436
22000,Louisiana,114,47425,4011,petrochemicals,1451592.993,2552288.436
22000,Louisiana,116,11999940,174,services,86920501.63,2552288.436
22000,Louisiana,117,23479,32,textiles,351605.6418,2552288.436
22000,Louisiana,118,9081,33,utilities,797323.46,2552288.436
22000,Louisiana,119,190246,188,vehicles_other,610364.6973,2552288.436
23000,Maine,101,32202,23,agriculture,1080677.841,799673.322
23000,Maine,102,11783,37905,automotive,566138.6104,799673.322
23000,Maine,103,119959,125,construction,5359624.691,799673.322
23000,Maine,104,21343,11234,electronics,1495060.882,799673.322
23000,Maine,105,158117,2753,food,1483030.717,799673.322
23000,Maine,106,3579,55,furniture,710651.4812,799673.322
23000,Maine,107,119758,38737,manufacturing_other,245234.5955,799673.322
23000,Maine,109,2320,363,metal_machinery,1140434.235,799673.322
23000,Maine,110,5337,1177,metal_products,781591.6691,799673.322
23000,Maine,111,2792,399,mineral,346305.5571,799673.322
23000,Maine,113,14522,52,paper,1453345.662,799673.322
23000,Maine,114,7417,4011,petrochemicals,1451592.993,799673.322
23000,Maine,116,3734139,174,services,86920501.63,799673.322
23000,Maine,117,9506,32,textiles,351605.6418,799673.322
23000,Maine,118,1799,33,utilities,797323.46,799673.322
23000,Maine,119,53663,188,vehicles_other,610364.6973,799673.322
24000,Maryland,101,35862,23,agriculture,1080677.841,3585375.792
24000,Maryland,102,40572,37905,automotive,566138.6104,3585375.792
24000,Maryland,103,506528,125,construction,5359624.691,3585375.792
24000,Maryland,104,117363,11234,electronics,1495060.882,3585375.792
24000,Maryland,105,604858,2753,food,1483030.717,3585375.792
24000,Maryland,106,14976,55,furniture,710651.4812,3585375.792
24000,Maryland,107,254904,38737,manufacturing_other,245234.5955,3585375.792
24000,Maryland,108,890,6606,metal_basic,643096.4444,3585375.792
24000,Maryland,109,7544,363,metal_machinery,1140434.235,3585375.792
24000,Maryland,110,8723,1177,metal_products,781591.6691,3585375.792
24000,Maryland,111,8968,399,mineral,346305.5571,3585375.792
24000,Maryland,113,27648,52,paper,1453345.662,3585375.792
24000,Maryland,114,36927,4011,petrochemicals,1451592.993,3585375.792
24000,Maryland,116,16842107,174,services,86920501.63,3585375.792
24000,Maryland,117,32819,32,textiles,351605.6418,3585375.792
24000,Maryland,118,10612,33,utilities,797323.46,3585375.792
24000,Maryland,119,308950,188,vehicles_other,610364.6973,3585375.792
25000,Massachusetts,101,26823,23,agriculture,1080677.841,3961315.545
25000,Massachusetts,102,42984,37905,automotive,566138.6104,3961315.545
25000,Massachusetts,103,544886,125,construction,5359624.691,3961315.545
25000,Massachusetts,104,235795,11234,electronics,1495060.882,3961315.545
25000,Massachusetts,105,805889,2753,food,1483030.717,3961315.545
25000,Massachusetts,106,16059,55,furniture,710651.4812,3961315.545
25000,Massachusetts,107,557133,38737,manufacturing_other,245234.5955,3961315.545
25000,Massachusetts,108,2778,6606,metal_basic,643096.4444,3961315.545
25000,Massachusetts,109,17983,363,metal_machinery,1140434.235,3961315.545
25000,Massachusetts,110,32854,1177,metal_products,781591.6691,3961315.545
25000,Massachusetts,111,10581,399,mineral,346305.5571,3961315.545
25000,Massachusetts,113,71262,52,paper,1453345.662,3961315.545
25000,Massachusetts,114,48082,4011,petrochemicals,1451592.993,3961315.545
25000,Massachusetts,116,21691779,174,services,86920501.63,3961315.545
25000,Massachusetts,117,47681,32,textiles,351605.6418,3961315.545
25000,Massachusetts,118,12455,33,utilities,797323.46,3961315.545
25000,Massachusetts,119,345289,188,vehicles_other,610364.6973,3961315.545
26000,Michigan,101,122877,23,agriculture,1080677.841,5327281.96
26000,Michigan,102,254477,37905,automotive,566138.6104,5327281.96
26000,Michigan,103,598393,125,construction,5359624.691,5327281.96
26000,Michigan,104,174307,11234,electronics,1495060.882,5327281.96
26000,Michigan,105,950785,2753,food,1483030.717,5327281.96
26000,Michigan,106,38865,55,furniture,710651.4812,5327281.96
26000,Michigan,107,1387414,38737,manufacturing_other,245234.5955,5327281.96
26000,Michigan,108,23201,6606,metal_basic,643096.4444,5327281.96
26000,Michigan,109,77870,363,metal_machinery,1140434.235,5327281.96
26000,Michigan,110,84174,1177,metal_products,781591.6691,5327281.96
26000,Michigan,111,38453,399,mineral,346305.5571,5327281.96
26000,Michigan,113,58108,52,paper,1453345.662,5327281.96
26000,Michigan,114,73009,4011,petrochemicals,1451592.993,5327281.96
26000,Michigan,116,25035660,174,services,86920501.63,5327281.96
26000,Michigan,117,43914,32,textiles,351605.6418,5327281.96
26000,Michigan,118,20877,33,utilities,797323.46,5327281.96
26000,Michigan,119,374314,188,vehicles_other,610364.6973,5327281.96
27000,Minnesota,101,149278,23,agriculture,1080677.841,3543021.9
27000,Minnesota,102,39354,37905,automotive,566138.6104,3543021.9
27000,Minnesota,103,388760,125,construction,5359624.691,3543021.9
27000,Minnesota,104,156461,11234,electronics,1495060.882,3543021.9
27000,Minnesota,105,594027,2753,food,1483030.717,3543021.9
27000,Minnesota,106,20492,55,furniture,710651.4812,3543021.9
27000,Minnesota,107,724111,38737,manufacturing_other,245234.5955,3543021.9
27000,Minnesota,108,6284,6606,metal_basic,643096.4444,3543021.9
27000,Minnesota,109,34963,363,metal_machinery,1140434.235,3543021.9
27000,Minnesota,110,45148,1177,metal_products,781591.6691,3543021.9
27000,Minnesota,111,27233,399,mineral,346305.5571,3543021.9
27000,Minnesota,113,66135,52,paper,1453345.662,3543021.9
27000,Minnesota,114,34065,4011,petrochemicals,1451592.993,3543021.9
27000,Minnesota,116,16488593,174,services,86920501.63,3543021.9
27000,Minnesota,117,30093,32,textiles,351605.6418,3543021.9
27000,Minnesota,118,12992,33,utilities,797323.46,3543021.9
27000,Minnesota,119,281151,188,vehicles_other,610364.6973,3543021.9
28000,Mississippi,101,84392,23,agriculture,1080677.841,1578602.004
28000,Mississippi,102,21311,37905,automotive,566138.6104,1578602.004
28000,Mississippi,103,182418,125,construction,5359624.691,1578602.004
28000,Mississippi,104,37775,11234,electronics,1495060.882,1578602.004
28000,Mississippi,105,319180,2753,food,1483030.717,1578602.004
28000,Mississippi,106,22993,55,furniture,710651.4812,1578602.004
28000,Mississippi,107,311665,38737,manufacturing_other,245234.5955,1578602.004
28000,Mississippi,108,3978,6606,metal_basic,643096.4444,1578602.004
28000,Mississippi,109,12911,363,metal_machinery,1140434.235,1578602.004
28000,Mississippi,110,10609,1177,metal_products,781591.6691,1578602.004
28000,Mississippi,111,24826,399,mineral,346305.5571,1578602.004
28000,Mississippi,113,18213,52,paper,1453345.662,1578602.004
28000,Mississippi,114,18101,4011,petrochemicals,1451592.993,1578602.004
28000,Mississippi,116,6964333,174,services,86920501.63,1578602.004
28000,Mississippi,117,16797,32,textiles,351605.6418,1578602.004
28000,Mississippi,118,8300,33,utilities,797323.46,1578602.004
28000,Mississippi,119,135080,188,vehicles_other,610364.6973,1578602.004
29000,Missouri,101,197016,23,agriculture,1080677.841,3593356.2
29000,Missouri,102,73028,37905,automotive,566138.6104,3593356.2
29000,Missouri,103,419680,125,construction,5359624.691,3593356.2
29000,Missouri,104,132799,11234,electronics,1495060.882,3593356.2
29000,Missouri,105,664020,2753,food,1483030.717,3593356.2
29000,Missouri,106,17300,55,furniture,710651.4812,3593356.2
29000,Missouri,107,604099,38737,manufacturing_other,245234.5955,3593356.2
29000,Missouri,108,7006,6606,metal_basic,643096.4444,3593356.2
29000,Missouri,109,28159,363,metal_machinery,1140434.235,3593356.2
29000,Missouri,110,32132,1177,metal_products,781591.6691,3593356.2
29000,Missouri,111,23745,399,mineral,346305.5571,3593356.2
29000,Missouri,113,39787,52,paper,1453345.662,3593356.2
29000,Missouri,114,44259,4011,petrochemicals,1451592.993,3593356.2
29000,Missouri,116,16427583,174,services,86920501.63,3593356.2
29000,Missouri,117,29304,32,textiles,351605.6418,3593356.2
29000,Missouri,118,12231,33,utilities,797323.46,3593356.2
29000,Missouri,119,292377,188,vehicles_other,610364.6973,3593356.2
30000,Montana,101,60741,23,agriculture,1080677.841,593649
30000,Montana,102,9705,37905,automotive,566138.6104,593649
30000,Montana,103,104495,125,construction,5359624.691,593649
30000,Montana,104,16949,11234,electronics,1495060.882,593649
30000,Montana,105,135666,2753,food,1483030.717,593649
30000,Montana,106,3302,55,furniture,710651.4812,593649
30000,Montana,107,55082,38737,manufacturing_other,245234.5955,593649
30000,Montana,108,302,6606,metal_basic,643096.4444,593649
30000,Montana,109,1405,363,metal_machinery,1140434.235,593649
30000,Montana,110,2941,1177,metal_products,781591.6691,593649
30000,Montana,111,22730,399,mineral,346305.5571,593649
30000,Montana,113,6741,52,paper,1453345.662,593649
30000,Montana,114,4518,4011,petrochemicals,1451592.993,593649
30000,Montana,116,2968714,174,services,86920501.63,593649
30000,Montana,117,4214,32,textiles,351605.6418,593649
30000,Montana,118,2972,33,utilities,797323.46,593649
30000,Montana,119,34220,188,vehicles_other,610364.6973,593649
31000,Nebraska,101,105025,23,agriculture,1080677.841,1236432.857
31000,Nebraska,102,16011,37905,automotive,566138.6104,1236432.857
31000,Nebraska,103,163335,125,construction,5359624.691,1236432.857
31000,Nebraska,104,43133,11234,electronics,1495060.882,1236432.857
31000,Nebraska,105,227670,2753,food,1483030.717,1236432.857
31000,Nebraska,106,4522,55,furniture,710651.4812,1236432.857
31000,Nebraska,107,218625,38737,manufacturing_other,245234.5955,1236432.857
31000,Nebraska,108,1208,6606,metal_basic,643096.4444,1236432.857
31000,Nebraska,109,9370,363,metal_machinery,1140434.235,1236432.857
31000,Nebraska,110,8883,1177,metal_products,781591.6691,1236432.857
31000,Nebraska,111,8542,399,mineral,346305.5571,1236432.857
31000,Nebraska,113,13104,52,paper,1453345.662,1236432.857
31000,Nebraska,114,14003,4011,petrochemicals,1451592.993,1236432.857
31000,Nebraska,116,5688937,174,services,86920501.63,1236432.857
31000,Nebraska,117,9059,32,textiles,351605.6418,1236432.857
31000,Nebraska,118,1263,33,utilities,797323.46,1236432.857
31000,Nebraska,119,129959,188,vehicles_other,610364.6973,1236432.857
32000,Nevada,101,9648,23,agriculture,1080677.841,1539314.07
32000,Nevada,102,19856,37905,automotive,566138.6104,1539314.07
32000,Nevada,103,226796,125,construction,5359624.691,1539314.07
32000,Nevada,104,57498,11234,electronics,1495060.882,1539314.07
32000,Nevada,105,694789,2753,food,1483030.717,1539314.07
32000,Nevada,106,7238,55,furniture,710651.4812,1539314.07
32000,Nevada,107,135310,38737,manufacturing_other,245234.5955,1539314.07
32000,Nevada,108,1372,6606,metal_basic,643096.4444,1539314.07
32000,Nevada,109,2155,363,metal_machinery,1140434.235,1539314.07
32000,Nevada,110,6697,1177,metal_products,781591.6691,1539314.07
32000,Nevada,111,40460,399,mineral,346305.5571,1539314.07
32000,Nevada,113,10906,52,paper,1453345.662,1539314.07
32000,Nevada,114,13972,4011,petrochemicals,1451592.993,1539314.07
32000,Nevada,116,7999889,174,services,86920501.63,1539314.07
32000,Nevada,117,24756,32,textiles,351605.6418,1539314.07
32000,Nevada,118,4393,33,utilities,797323.46,1539314.07
32000,Nevada,119,207154,188,vehicles_other,610364.6973,1539314.07
33000,New Hampshire,101,10470,23,agriculture,1080677.841,866237.26
33000,New Hampshire,102,14840,37905,automotive,566138.6104,866237.26
33000,New Hampshire,103,118443,125,construction,5359624.691,866237.26
33000,New Hampshire,104,48263,11234,electronics,1495060.882,866237.26
33000,New Hampshire,105,157651,2753,food,1483030.717,866237.26
33000,New Hampshire,106,4331,55,furniture,710651.4812,866237.26
33000,New Hampshire,107,162639,38737,manufacturing_other,245234.5955,866237.26
33000,New Hampshire,108,2396,6606,metal_basic,643096.4444,866237.26
33000,New Hampshire,109,7343,363,metal_machinery,1140434.235,866237.26
33000,New Hampshire,110,12336,1177,metal_products,781591.6691,866237.26
33000,New Hampshire,111,4677,399,mineral,346305.5571,866237.26
33000,New Hampshire,113,11628,52,paper,1453345.662,866237.26
33000,New Hampshire,114,7476,4011,petrochemicals,1451592.993,866237.26
33000,New Hampshire,116,3952366,174,services,86920501.63,866237.26
33000,New Hampshire,117,9961,32,textiles,351605.6418,866237.26
33000,New Hampshire,118,2248,33,utilities,797323.46,866237.26
33000,New Hampshire,119,38011,188,vehicles_other,610364.6973,866237.26
34000,New Jersey,101,33395,23,agriculture,1080677.841,5257552.612
34000,New Jersey,102,54739,37905,automotive,566138.6104,5257552.612
34000,New Jersey,103,544236,125,construction,5359624.691,5257552.612
34000,New Jersey,104,201926,11234,electronics,1495060.882,5257552.612
34000,New Jersey,105,870304,2753,food,1483030.717,5257552.612
34000,New Jersey,106,25670,55,furniture,710651.4812,5257552.612
34000,New Jersey,107,566715,38737,manufacturing_other,245234.5955,5257552.612
34000,New Jersey,108,4563,6606,metal_basic,643096.4444,5257552.612
34000,New Jersey,109,14861,363,metal_machinery,1140434.235,5257552.612
34000,New Jersey,110,22743,1177,metal_products,781591.6691,5257552.612
34000,New Jersey,111,16092,399,mineral,346305.5571,5257552.612
34000,New Jersey,113,51216,52,paper,1453345.662,5257552.612
34000,New Jersey,114,88178,4011,petrochemicals,1451592.993,5257552.612
34000,New Jersey,116,25083118,174,services,86920501.63,5257552.612
34000,New Jersey,117,67566,32,textiles,351605.6418,5257552.612
34000,New Jersey,118,16473,33,utilities,797323.46,5257552.612
34000,New Jersey,119,580170,188,vehicles_other,610364.6973,5257552.612
35000,New Mexico,101,55242,23,agriculture,1080677.841,1171672.851
35000,New Mexico,102,14521,37905,automotive,566138.6104,1171672.851
35000,New Mexico,103,137839,125,construction,5359624.691,1171672.851
35000,New Mexico,104,35305,11234,electronics,1495060.882,1171672.851
35000,New Mexico,105,212560,2753,food,1483030.717,1171672.851
35000,New Mexico,106,3246,55,furniture,710651.4812,1171672.851
35000,New Mexico,107,71793,38737,manufacturing_other,245234.5955,1171672.851
35000,New Mexico,108,470,6606,metal_basic,643096.4444,1171672.851
35000,New Mexico,109,1635,363,metal_machinery,1140434.235,1171672.851
35000,New Mexico,110,3136,1177,metal_products,781591.6691,1171672.851
35000,New Mexico,111,66409,399,mineral,346305.5571,1171672.851
35000,New Mexico,113,5745,52,paper,1453345.662,1171672.851
35000,New Mexico,114,7626,4011,petrochemicals,1451592.993,1171672.851
35000,New Mexico,116,4859344,174,services,86920501.63,1171672.851
35000,New Mexico,117,7616,32,textiles,351605.6418,1171672.851
35000,New Mexico,118,4524,33,utilities,797323.46,1171672.851
35000,New Mexico,119,52983,188,vehicles_other,610364.6973,1171672.851
36000,New York,101,97821,23,agriculture,1080677.841,11064896.24
36000,New York,102,90931,37905,automotive,566138.6104,11064896.24
36000,New York,103,1194450,125,construction,5359624.691,11064896.24
36000,New York,104,673984,11234,electronics,1495060.882,11064896.24
36000,New York,105,2008515,2753,food,1483030.717,11064896.24
36000,New York,106,46143,55,furniture,710651.4812,11064896.24
36000,New York,107,1017022,38737,manufacturing_other,245234.5955,11064896.24
36000,New York,108,10966,6606,metal_basic,643096.4444,11064896.24
36000,New York,109,39337,363,metal_machinery,1140434.235,11064896.24
36000,New York,110,51181,1177,metal_products,781591.6691,11064896.24
36000,New York,111,40173,399,mineral,346305.5571,11064896.24
36000,New York,113,125711,52,paper,1453345.662,11064896.24
36000,New York,114,139684,4011,petrochemicals,1451592.993,11064896.24
36000,New York,116,57378536,174,services,86920501.63,11064896.24
36000,New York,117,164470,32,textiles,351605.6418,11064896.24
36000,New York,118,40479,33,utilities,797323.46,11064896.24
36000,New York,119,905933,188,vehicles_other,610364.6973,11064896.24
37000,North Carolina,101,128320,23,agriculture,1080677.841,5349405.963
37000,North Carolina,102,106253,37905,automotive,566138.6104,5349405.963
37000,North Carolina,103,769116,125,construction,5359624.691,5349405.963
37000,North Carolina,104,236243,11234,electronics,1495060.882,5349405.963
37000,North Carolina,105,1091121,2753,food,1483030.717,5349405.963
37000,North Carolina,106,56513,55,furniture,710651.4812,5349405.963
37000,North Carolina,107,1049834,38737,manufacturing_other,245234.5955,5349405.963
37000,North Carolina,108,7868,6606,metal_basic,643096.4444,5349405.963
37000,North Carolina,109,36612,363,metal_machinery,1140434.235,5349405.963
37000,North Carolina,110,39594,1177,metal_products,781591.6691,5349405.963
37000,North Carolina,111,27778,399,mineral,346305.5571,5349405.963
37000,North Carolina,113,78281,52,paper,1453345.662,5349405.963
37000,North Carolina,114,83214,4011,petrochemicals,1451592.993,5349405.963
37000,North Carolina,116,26624226,174,services,86920501.63,5349405.963
37000,North Carolina,117,90403,32,textiles,351605.6418,5349405.963
37000,North Carolina,118,15698,33,utilities,797323.46,5349405.963
37000,North Carolina,119,403804,188,vehicles_other,610364.6973,5349405.963
38000,North Dakota,101,56312,23,agriculture,1080677.841,469468.518
38000,North Dakota,102,7467,37905,automotive,566138.6104,469468.518
38000,North Dakota,103,76050,125,construction,5359624.691,469468.518
38000,North Dakota,104,14514,11234,electronics,1495060.882,469468.518
38000,North Dakota,105,88336,2753,food,1483030.717,469468.518
38000,North Dakota,106,2535,55,furniture,710651.4812,469468.518
38000,North Dakota,107,57830,38737,manufacturing_other,245234.5955,469468.518
38000,North Dakota,109,5803,363,metal_machinery,1140434.235,469468.518
38000,North Dakota,110,2475,1177,metal_products,781591.6691,469468.518
38000,North Dakota,111,52620,399,mineral,346305.5571,469468.518
38000,North Dakota,113,5541,52,paper,1453345.662,469468.518
38000,North Dakota,114,3755,4011,petrochemicals,1451592.993,469468.518
38000,North Dakota,116,2436659,174,services,86920501.63,469468.518
38000,North Dakota,117,3640,32,textiles,351605.6418,469468.518
38000,North Dakota,118,3776,33,utilities,797323.46,469468.518
38000,North Dakota,119,46381,188,vehicles_other,610364.6973,469468.518
39000,Ohio,101,175415,23,agriculture,1080677.841,6921902.4
39000,Ohio,102,194915,37905,automotive,566138.6104,6921902.4
39000,Ohio,103,753830,125,construction,5359624.691,6921902.4
39000,Ohio,104,214615,11234,electronics,1495060.882,6921902.4
39000,Ohio,105,1221326,2753,food,1483030.717,6921902.4
39000,Ohio,106,34160,55,furniture,710651.4812,6921902.4
39000,Ohio,107,1548578,38737,manufacturing_other,245234.5955,6921902.4
39000,Ohio,108,36278,6606,metal_basic,643096.4444,6921902.4
39000,Ohio,109,82542,363,metal_machinery,1140434.235,6921902.4
39000,Ohio,110,105277,1177,metal_products,781591.6691,6921902.4
39000,Ohio,111,78424,399,mineral,346305.5571,6921902.4
39000,Ohio,113,85957,52,paper,1453345.662,6921902.4
39000,Ohio,114,89834,4011,petrochemicals,1451592.993,6921902.4
39000,Ohio,116,30797727,174,services,86920501.63,6921902.4
39000,Ohio,117,52739,32,textiles,351605.6418,6921902.4
39000,Ohio,118,20093,33,utilities,797323.46,6921902.4
39000,Ohio,119,589812,188,vehicles_other,610364.6973,6921902.4
40000,Oklahoma,101,157744,23,agriculture,1080677.841,2250810.6
40000,Oklahoma,102,29729,37905,automotive,566138.6104,2250810.6
40000,Oklahoma,103,283024,125,construction,5359624.691,2250810.6
40000,Oklahoma,104,58714,11234,electronics,1495060.882,2250810.6
40000,Oklahoma,105,383135,2753,food,1483030.717,2250810.6
40000,Oklahoma,106,8323,55,furniture,710651.4812,2250810.6
40000,Oklahoma,107,307510,38737,manufacturing_other,245234.5955,2250810.6
40000,Oklahoma,108,4034,6606,metal_basic,643096.4444,2250810.6
40000,Oklahoma,109,27893,363,metal_machinery,1140434.235,2250810.6
40000,Oklahoma,110,24712,1177,metal_products,781591.6691,2250810.6
40000,Oklahoma,111,223752,399,mineral,346305.5571,2250810.6
40000,Oklahoma,113,14535,52,paper,1453345.662,2250810.6
40000,Oklahoma,114,18589,4011,petrochemicals,1451592.993,2250810.6
40000,Oklahoma,116,9977820,174,services,86920501.63,2250810.6
40000,Oklahoma,117,15790,32,textiles,351605.6418,2250810.6
40000,Oklahoma,118,11075,33,utilities,797323.46,2250810.6
40000,Oklahoma,119,153939,188,vehicles_other,610364.6973,2250810.6
41000,Oregon,101,137558,23,agriculture,1080677.841,2298644.4
41000,Oregon,102,35622,37905,automotive,566138.6104,2298644.4
41000,Oregon,103,301513,125,construction,5359624.691,2298644.4
41000,Oregon,104,116258,11234,electronics,1495060.882,2298644.4
41000,Oregon,105,487322,2753,food,1483030.717,2298644.4
41000,Oregon,106,14832,55,furniture,710651.4812,2298644.4
41000,Oregon,107,442592,38737,manufacturing_other,245234.5955,2298644.4
41000,Oregon,108,8695,6606,metal_basic,643096.4444,2298644.4
41000,Oregon,109,15033,363,metal_machinery,1140434.235,2298644.4
41000,Oregon,110,17976,1177,metal_products,781591.6691,2298644.4
41000,Oregon,111,16045,399,mineral,346305.5571,2298644.4
41000,Oregon,113,52601,52,paper,1453345.662,2298644.4
41000,Oregon,114,16404,4011,petrochemicals,1451592.993,2298644.4
41000,Oregon,116,11115365,174,services,86920501.63,2298644.4
41000,Oregon,117,22840,32,textiles,351605.6418,2298644.4
41000,Oregon,118,5122,33,utilities,797323.46,2298644.4
41000,Oregon,119,182521,188,vehicles_other,610364.6973,2298644.4
42000,Pennsylvania,101,139558,23,agriculture,1080677.841,7621427.4
42000,Pennsylvania,102,107069,37905,automotive,566138.6104,7621427.4
42000,Pennsylvania,103,837829,125,construction,5359624.691,7621427.4
42000,Pennsylvania,104,252686,11234,electronics,1495060.882,7621427.4
42000,Pennsylvania,105,1258813,2753,food,1483030.717,7621427.4
42000,Pennsylvania,106,37089,55,furniture,710651.4812,7621427.4
42000,Pennsylvania,107,1279115,38737,manufacturing_other,245234.5955,7621427.4
42000,Pennsylvania,108,36246,6606,metal_basic,643096.4444,7621427.4
42000,Pennsylvania,109,47693,363,metal_machinery,1140434.235,7621427.4
42000,Pennsylvania,110,85027,1177,metal_products,781591.6691,7621427.4
42000,Pennsylvania,111,107556,399,mineral,346305.5571,7621427.4
42000,Pennsylvania,113,103742,52,paper,1453345.662,7621427.4
42000,Pennsylvania,114,93337,4011,petrochemicals,1451592.993,7621427.4
42000,Pennsylvania,116,34117591,174,services,86920501.63,7621427.4
42000,Pennsylvania,117,66642,32,textiles,351605.6418,7621427.4
42000,Pennsylvania,118,25143,33,utilities,797323.46,7621427.4
42000,Pennsylvania,119,738995,188,vehicles_other,610364.6973,7621427.4
44000,Rhode Island,101,3769,23,agriculture,1080677.841,633645.334
44000,Rhode Island,102,6586,37905,automotive,566138.6104,633645.334
44000,Rhode Island,103,67375,125,construction,5359624.691,633645.334
44000,Rhode Island,104,19320,11234,electronics,1495060.882,633645.334
44000,Rhode Island,105,122928,2753,food,1483030.717,633645.334
44000,Rhode Island,106,2755,55,furniture,710651.4812,633645.334
44000,Rhode Island,107,93148,38737,manufacturing_other,245234.5955,633645.334
44000,Rhode Island,109,2055,363,metal_machinery,1140434.235,633645.334
44000,Rhode Island,110,4897,1177,metal_products,781591.6691,633645.334
44000,Rhode Island,111,1019,399,mineral,346305.5571,633645.334
44000,Rhode Island,113,5723,52,paper,1453345.662,633645.334
44000,Rhode Island,114,8603,4011,petrochemicals,1451592.993,633645.334
44000,Rhode Island,116,2892459,174,services,86920501.63,633645.334
44000,Rhode Island,117,5746,32,textiles,351605.6418,633645.334
44000,Rhode Island,118,1667,33,utilities,797323.46,633645.334
44000,Rhode Island,119,37200,188,vehicles_other,610364.6973,633645.334
45000,South Carolina,101,61302,23,agriculture,1080677.841,2520823.38
45000,South Carolina,102,71816,37905,automotive,566138.6104,2520823.38
45000,South Carolina,103,350770,125,construction,5359624.691,2520823.38
45000,South Carolina,104,88498,11234,electronics,1495060.882,2520823.38
45000,South Carolina,105,570128,2753,food,1483030.717,2520823.38
45000,South Carolina,106,11748,55,furniture,710651.4812,2520823.38
45000,South Carolina,107,552680,38737,manufacturing_other,245234.5955,2520823.38
45000,South Carolina,108,5807,6606,metal_basic,643096.4444,2520823.38
45000,South Carolina,109,21661,363,metal_machinery,1140434.235,2520823.38
45000,South Carolina,110,26310,1177,metal_products,781591.6691,2520823.38
45000,South Carolina,111,14010,399,mineral,346305.5571,2520823.38
45000,South Carolina,113,35279,52,paper,1453345.662,2520823.38
45000,South Carolina,114,42903,4011,petrochemicals,1451592.993,2520823.38
45000,South Carolina,116,12473512,174,services,86920501.63,2520823.38
45000,South Carolina,117,45412,32,textiles,351605.6418,2520823.38
45000,South Carolina,118,12559,33,utilities,797323.46,2520823.38
45000,South Carolina,119,200207,188,vehicles_other,610364.6973,2520823.38
46000,South Dakota,101,63027,23,agriculture,1080677.841,550385.68
46000,South Dakota,102,8629,37905,automotive,566138.6104,550385.68
46000,South Dakota,103,75849,125,construction,5359624.691,550385.68
46000,South Dakota,104,16305,11234,electronics,1495060.882,550385.68
46000,South Dakota,105,110061,2753,food,1483030.717,550385.68
46000,South Dakota,106,4337,55,furniture,710651.4812,550385.68
46000,South Dakota,107,100957,38737,manufacturing_other,245234.5955,550385.68
46000,South Dakota,108,641,6606,metal_basic,643096.4444,550385.68
46000,South Dakota,109,6988,363,metal_machinery,1140434.235,550385.68
46000,South Dakota,110,4212,1177,metal_products,781591.6691,550385.68
46000,South Dakota,111,6017,399,mineral,346305.5571,550385.68
46000,South Dakota,113,6146,52,paper,1453345.662,550385.68
46000,South Dakota,114,4014,4011,petrochemicals,1451592.993,550385.68
46000,South Dakota,116,2614501,174,services,86920501.63,550385.68
46000,South Dakota,117,3920,32,textiles,351605.6418,550385.68
46000,South Dakota,118,2078,33,utilities,797323.46,550385.68
46000,South Dakota,119,33449,188,vehicles_other,610364.6973,550385.68
47000,Tennessee,101,152569,23,agriculture,1080677.841,3566511.01
47000,Tennessee,102,122838,37905,automotive,566138.6104,3566511.01
47000,Tennessee,103,485163,125,construction,5359624.691,3566511.01
47000,Tennessee,104,139844,11234,electronics,1495060.882,3566511.01
47000,Tennessee,105,758917,2753,food,1483030.717,3566511.01
47000,Tennessee,106,22798,55,furniture,710651.4812,3566511.01
47000,Tennessee,107,784687,38737,manufacturing_other,245234.5955,3566511.01
47000,Tennessee,108,11242,6606,metal_basic,643096.4444,3566511.01
47000,Tennessee,109,26515,363,metal_machinery,1140434.235,3566511.01
47000,Tennessee,110,38055,1177,metal_products,781591.6691,3566511.01
47000,Tennessee,111,29641,399,mineral,346305.5571,3566511.01
47000,Tennessee,113,51386,52,paper,1453345.662,3566511.01
47000,Tennessee,114,55191,4011,petrochemicals,1451592.993,3566511.01
47000,Tennessee,116,17976862,174,services,86920501.63,3566511.01
47000,Tennessee,117,41767,32,textiles,351605.6418,3566511.01
47000,Tennessee,118,4074,33,utilities,797323.46,3566511.01
47000,Tennessee,119,432698,188,vehicles_other,610364.6973,3566511.01
48000,Texas,101,566990,23,agriculture,1080677.841,15213064.41
48000,Texas,102,258739,37905,automotive,566138.6104,15213064.41
48000,Texas,103,2526911,125,construction,5359624.691,15213064.41
48000,Texas,104,628699,11234,electronics,1495060.882,15213064.41
48000,Texas,105,3062296,2753,food,1483030.717,15213064.41
48000,Texas,106,75422,55,furniture,710651.4812,15213064.41
48000,Texas,107,2035416,38737,manufacturing_other,245234.5955,15213064.41
48000,Texas,108,21446,6606,metal_basic,643096.4444,15213064.41
48000,Texas,109,102221,363,metal_machinery,1140434.235,15213064.41
48000,Texas,110,136774,1177,metal_products,781591.6691,15213064.41
48000,Texas,111,874201,399,mineral,346305.5571,15213064.41
48000,Texas,113,127731,52,paper,1453345.662,15213064.41
48000,Texas,114,187317,4011,petrochemicals,1451592.993,15213064.41
48000,Texas,116,77510111,174,services,86920501.63,15213064.41
48000,Texas,117,173778,32,textiles,351605.6418,15213064.41
48000,Texas,118,57044,33,utilities,797323.46,15213064.41
48000,Texas,119,1596460,188,vehicles_other,610364.6973,15213064.41
49000,Utah,101,40142,23,agriculture,1080677.841,1738483.665
49000,Utah,102,25625,37905,automotive,566138.6104,1738483.665
49000,Utah,103,281591,125,construction,5359624.691,1738483.665
49000,Utah,104,93532,11234,electronics,1495060.882,1738483.665
49000,Utah,105,312543,2753,food,1483030.717,1738483.665
49000,Utah,106,13936,55,furniture,710651.4812,1738483.665
49000,Utah,107,316161,38737,manufacturing_other,245234.5955,1738483.665
49000,Utah,108,4003,6606,metal_basic,643096.4444,1738483.665
49000,Utah,109,6664,363,metal_machinery,1140434.235,1738483.665
49000,Utah,110,15291,1177,metal_products,781591.6691,1738483.665
49000,Utah,111,32078,399,mineral,346305.5571,1738483.665
49000,Utah,113,26532,52,paper,1453345.662,1738483.665
49000,Utah,114,20649,4011,petrochemicals,1451592.993,1738483.665
49000,Utah,116,9144794,174,services,86920501.63,1738483.665
49000,Utah,117,18117,32,textiles,351605.6418,1738483.665
49000,Utah,118,4983,33,utilities,797323.46,1738483.665
49000,Utah,119,152796,188,vehicles_other,610364.6973,1738483.665
50000,Vermont,101,19152,23,agriculture,1080677.841,414866.283
50000,Vermont,102,5809,37905,automotive,566138.6104,414866.283
50000,Vermont,103,61023,125,construction,5359624.691,414866.283
50000,Vermont,104,15929,11234,electronics,1495060.882,414866.283
50000,Vermont,105,90433,2753,food,1483030.717,414866.283
50000,Vermont,106,2648,55,furniture,710651.4812,414866.283
50000,Vermont,107,70971,38737,manufacturing_other,245234.5955,414866.283
50000,Vermont,109,2904,363,metal_machinery,1140434.235,414866.283
50000,Vermont,110,2107,1177,metal_products,781591.6691,414866.283
50000,Vermont,111,3328,399,mineral,346305.5571,414866.283
50000,Vermont,113,6390,52,paper,1453345.662,414866.283
50000,Vermont,114,3650,4011,petrochemicals,1451592.993,414866.283
50000,Vermont,116,1917226,174,services,86920501.63,414866.283
50000,Vermont,117,3145,32,textiles,351605.6418,414866.283
50000,Vermont,118,1481,33,utilities,797323.46,414866.283
50000,Vermont,119,19295,188,vehicles_other,610364.6973,414866.283
51000,Virginia,101,100799,23,agriculture,1080677.841,5128656.384
51000,Virginia,102,59876,37905,automotive,566138.6104,5128656.384
51000,Virginia,103,619541,125,construction,5359624.691,5128656.384
51000,Virginia,104,181850,11234,electronics,1495060.882,5128656.384
51000,Virginia,105,887194,2753,food,1483030.717,5128656.384
51000,Virginia,106,25187,55,furniture,710651.4812,5128656.384
51000,Virginia,107,536388,38737,manufacturing_other,245234.5955,5128656.384
51000,Virginia,108,4033,6606,metal_basic,643096.4444,5128656.384
51000,Virginia,109,15094,363,metal_machinery,1140434.235,5128656.384
51000,Virginia,110,18759,1177,metal_products,781591.6691,5128656.384
51000,Virginia,111,30189,399,mineral,346305.5571,5128656.384
51000,Virginia,113,53098,52,paper,1453345.662,5128656.384
51000,Virginia,114,45301,4011,petrochemicals,1451592.993,5128656.384
51000,Virginia,116,23392135,174,services,86920501.63,5128656.384
51000,Virginia,117,46745,32,textiles,351605.6418,5128656.384
51000,Virginia,118,11449,33,utilities,797323.46,5128656.384
51000,Virginia,119,361016,188,vehicles_other,610364.6973,5128656.384
53000,Washington,101,160355,23,agriculture,1080677.841,4088520.32
53000,Washington,102,48498,37905,automotive,566138.6104,4088520.32
53000,Washington,103,579785,125,construction,5359624.691,4088520.32
53000,Washington,104,255573,11234,electronics,1495060.882,4088520.32
53000,Washington,105,746911,2753,food,1483030.717,4088520.32
53000,Washington,106,19158,55,furniture,710651.4812,4088520.32
53000,Washington,107,642994,38737,manufacturing_other,245234.5955,4088520.32
53000,Washington,108,5400,6606,metal_basic,643096.4444,4088520.32
53000,Washington,109,16912,363,metal_machinery,1140434.235,4088520.32
53000,Washington,110,22339,1177,metal_products,781591.6691,4088520.32
53000,Washington,111,21488,399,mineral,346305.5571,4088520.32
53000,Washington,113,103604,52,paper,1453345.662,4088520.32
53000,Washington,114,29076,4011,petrochemicals,1451592.993,4088520.32
53000,Washington,116,19715061,174,services,86920501.63,4088520.32
53000,Washington,117,34089,32,textiles,351605.6418,4088520.32
53000,Washington,118,5629,33,utilities,797323.46,4088520.32
53000,Washington,119,308476,188,vehicles_other,610364.6973,4088520.32
54000,West Virginia,101,48362,23,agriculture,1080677.841,904261.072
54000,West Virginia,102,13519,37905,automotive,566138.6104,904261.072
54000,West Virginia,103,115656,125,construction,5359624.691,904261.072
54000,West Virginia,104,20080,11234,electronics,1495060.882,904261.072
54000,West Virginia,105,157892,2753,food,1483030.717,904261.072
54000,West Virginia,106,3369,55,furniture,710651.4812,904261.072
54000,West Virginia,107,104939,38737,manufacturing_other,245234.5955,904261.072
54000,West Virginia,108,4374,6606,metal_basic,643096.4444,904261.072
54000,West Virginia,109,2124,363,metal_machinery,1140434.235,904261.072
54000,West Virginia,110,4830,1177,metal_products,781591.6691,904261.072
54000,West Virginia,111,62416,399,mineral,346305.5571,904261.072
54000,West Virginia,113,10168,52,paper,1453345.662,904261.072
54000,West Virginia,114,16368,4011,petrochemicals,1451592.993,904261.072
54000,West Virginia,116,3876884,174,services,86920501.63,904261.072
54000,West Virginia,117,5270,32,textiles,351605.6418,904261.072
54000,West Virginia,118,5476,33,utilities,797323.46,904261.072
54000,West Virginia,119,54815,188,vehicles_other,610364.6973,904261.072
55000,Wisconsin,101,161305,23,agriculture,1080677.841,3594175.152
55000,Wisconsin,102,44004,37905,automotive,566138.6104,3594175.152
55000,Wisconsin,103,395111,125,construction,5359624.691,3594175.152
55000,Wisconsin,104,139157,11234,electronics,1495060.882,3594175.152
55000,Wisconsin,105,658374,2753,food,1483030.717,3594175.152
55000,Wisconsin,106,24798,55,furniture,710651.4812,3594175.152
55000,Wisconsin,107,1038275,38737,manufacturing_other,245234.5955,3594175.152
55000,Wisconsin,108,16446,6606,metal_basic,643096.4444,3594175.152
55000,Wisconsin,109,68386,363,metal_machinery,1140434.235,3594175.152
55000,Wisconsin,110,78109,1177,metal_products,781591.6691,3594175.152
55000,Wisconsin,111,22116,399,mineral,346305.5571,3594175.152
55000,Wisconsin,113,101950,52,paper,1453345.662,3594175.152
55000,Wisconsin,114,38989,4011,petrochemicals,1451592.993,3594175.152
55000,Wisconsin,116,15889247,174,services,86920501.63,3594175.152
55000,Wisconsin,117,25864,32,textiles,351605.6418,3594175.152
55000,Wisconsin,118,9536,33,utilities,797323.46,3594175.152
55000,Wisconsin,119,266013,188,vehicles_other,610364.6973,3594175.152
56000,Wyoming,101,27657,23,agriculture,1080677.841,365229.648
56000,Wyoming,102,4983,37905,automotive,566138.6104,365229.648
56000,Wyoming,103,60509,125,construction,5359624.691,365229.648
56000,Wyoming,104,9525,11234,electronics,1495060.882,365229.648
56000,Wyoming,105,77954,2753,food,1483030.717,365229.648
56000,Wyoming,106,860,55,furniture,710651.4812,365229.648
56000,Wyoming,107,26103,38737,manufacturing_other,245234.5955,365229.648
56000,Wyoming,108,132,6606,metal_basic,643096.4444,365229.648
56000,Wyoming,109,800,363,metal_machinery,1140434.235,365229.648
56000,Wyoming,110,1774,1177,metal_products,781591.6691,365229.648
56000,Wyoming,111,52610,399,mineral,346305.5571,365229.648
56000,Wyoming,113,2121,52,paper,1453345.662,365229.648
56000,Wyoming,114,3275,4011,petrochemicals,1451592.993,365229.648
56000,Wyoming,116,1747368,174,services,86920501.63,365229.648
56000,Wyoming,117,2099,32,textiles,351605.6418,365229.648
56000,Wyoming,118,2631,33,utilities,797323.46,365229.648
56000,Wyoming,119,27193,188,vehicles_other,610364.6973,365229.648
